COD LOCAL,NOMBRELOCAL,FECHA,VENTANETA
"1839,FR_ROSSANA GORDON,2024-02-01 ,""472,233523"""
"1839,FR_ROSSANA GORDON,2024-02-02 ,""395,835654"""
"1839,FR_ROSSANA GORDON,2024-02-03 ,""336,685091"""
"1839,FR_ROSSANA GORDON,2024-02-04 ,""402,200227"""
"1839,FR_ROSSANA GORDON,2024-02-05 ,""559,031416"""
"1839,FR_ROSSANA GORDON,2024-02-06 ,""434,642829"""
"1839,FR_ROSSANA GORDON,2024-02-07 ,""558,01975"""
"2066,FR_MAVEL SIGUENCIA,2024-02-01 ,""1557,979697"""
"2066,FR_MAVEL SIGUENCIA,2024-02-02 ,""924,959566"""
"2066,FR_MAVEL SIGUENCIA,2024-02-03 ,""1006,168786"""
"2066,FR_MAVEL SIGUENCIA,2024-02-04 ,""1085,475361"""
"2066,FR_MAVEL SIGUENCIA,2024-02-05 ,""1588,048096"""
"2066,FR_MAVEL SIGUENCIA,2024-02-06 ,""970,301007"""
"2066,FR_MAVEL SIGUENCIA,2024-02-07 ,""1153,315859"""
"2068,FR_ROMERO GUADALUPE,2024-02-01 ,""510,276364"""
"2068,FR_ROMERO GUADALUPE,2024-02-02 ,""468,743823"""
"2068,FR_ROMERO GUADALUPE,2024-02-03 ,""187,315037"""
"2068,FR_ROMERO GUADALUPE,2024-02-04 ,""923,203323"""
"2068,FR_ROMERO GUADALUPE,2024-02-05 ,""768,329502"""
"2068,FR_ROMERO GUADALUPE,2024-02-06 ,""724,061631"""
"2068,FR_ROMERO GUADALUPE,2024-02-07 ,""549,090226"""
"2076,FR_CHERI AVILA,2024-02-01 ,""193,255507"""
"2076,FR_CHERI AVILA,2024-02-02 ,""107,236368"""
"2076,FR_CHERI AVILA,2024-02-03 ,""155,323585"""
"2076,FR_CHERI AVILA,2024-02-04 ,""176,07955"""
"2076,FR_CHERI AVILA,2024-02-05 ,""282,103147"""
"2076,FR_CHERI AVILA,2024-02-06 ,""139,439735"""
"2076,FR_CHERI AVILA,2024-02-07 ,""106,39874"""
"71782, FR- CARLOS MALDONADO,2024-02-01 ,""318,034496"""
"71782, FR- CARLOS MALDONADO,2024-02-02 ,""230,50092"""
"71782, FR- CARLOS MALDONADO,2024-02-03 ,""257,681774"""
"71782, FR- CARLOS MALDONADO,2024-02-04 ,""272,616604"""
"71782, FR- CARLOS MALDONADO,2024-02-05 ,""396,676825"""
"71782, FR- CARLOS MALDONADO,2024-02-06 ,""354,766597"""
"71782, FR- CARLOS MALDONADO,2024-02-07 ,""195,512976"""
"71993,FR_SAN PEDRO PASCUAL,2024-02-01 ,""571,632307"""
"71993,FR_SAN PEDRO PASCUAL,2024-02-02 ,""313,90991"""
"71993,FR_SAN PEDRO PASCUAL,2024-02-03 ,""519,144557"""
"71993,FR_SAN PEDRO PASCUAL,2024-02-04 ,""294,973919"""
"71993,FR_SAN PEDRO PASCUAL,2024-02-05 ,""412,784998"""
"71993,FR_SAN PEDRO PASCUAL,2024-02-06 ,""323,610428"""
"71993,FR_SAN PEDRO PASCUAL,2024-02-07 ,""271,309644"""
"72006,FR_EL ENCANTO,2024-02-01 ,""18,73"""
"72006,FR_EL ENCANTO,2024-02-02 ,""6,178214"""
"72006,FR_EL ENCANTO,2024-02-03 ,""45,375457"""
"72006,FR_EL ENCANTO,2024-02-04 ,""9,64"""
"72006,FR_EL ENCANTO,2024-02-05 ,""33,09"""
"72006,FR_EL ENCANTO,2024-02-06 ,""61,86"""
"72006,FR_EL ENCANTO,2024-02-07 ,""38,945714"""
"72011,FR_SAN JUAN DE CALDERON,2024-02-01 ,""583,003861"""
"72011,FR_SAN JUAN DE CALDERON,2024-02-02 ,""232,541442"""
"72011,FR_SAN JUAN DE CALDERON,2024-02-03 ,""459,984888"""
"72011,FR_SAN JUAN DE CALDERON,2024-02-04 ,""252,914534"""
"72011,FR_SAN JUAN DE CALDERON,2024-02-05 ,""698,197596"""
"72011,FR_SAN JUAN DE CALDERON,2024-02-06 ,""421,400081"""
"72011,FR_SAN JUAN DE CALDERON,2024-02-07 ,""359,916226"""
"72013,FR_LA GATAZO,2024-02-01 ,""939,392457"""
"72013,FR_LA GATAZO,2024-02-02 ,""533,447005"""
"72013,FR_LA GATAZO,2024-02-03 ,""444,6308"""
"72013,FR_LA GATAZO,2024-02-04 ,""327,681727"""
"72013,FR_LA GATAZO,2024-02-05 ,""711,259832"""
"72013,FR_LA GATAZO,2024-02-06 ,""739,905187"""
"72013,FR_LA GATAZO,2024-02-07 ,""377,709795"""
"72018,FR_SANGAY,2024-02-01 ,""532,124401"""
"72018,FR_SANGAY,2024-02-02 ,""398,653095"""
"72018,FR_SANGAY,2024-02-03 ,""428,971844"""
"72018,FR_SANGAY,2024-02-04 ,""451,486416"""
"72018,FR_SANGAY,2024-02-05 ,""668,287929"""
"72018,FR_SANGAY,2024-02-06 ,""500,347267"""
"72018,FR_SANGAY,2024-02-07 ,""361,838001"""
"72023,FR_TABACUNDO,2024-02-01 ,""592,530752"""
"72023,FR_TABACUNDO,2024-02-02 ,""655,087217"""
"72023,FR_TABACUNDO,2024-02-03 ,""462,620713"""
"72023,FR_TABACUNDO,2024-02-04 ,""497,731372"""
"72023,FR_TABACUNDO,2024-02-05 ,""1805,567584"""
"72023,FR_TABACUNDO,2024-02-06 ,""591,468749"""
"72023,FR_TABACUNDO,2024-02-07 ,""590,72464"""
"72028,FR_CAUPICHO,2024-02-01 ,""681,574827"""
"72028,FR_CAUPICHO,2024-02-02 ,""571,752826"""
"72028,FR_CAUPICHO,2024-02-03 ,""460,271791"""
"72028,FR_CAUPICHO,2024-02-04 ,""572,72543"""
"72028,FR_CAUPICHO,2024-02-05 ,""816,168059"""
"72028,FR_CAUPICHO,2024-02-06 ,""616,980257"""
"72028,FR_CAUPICHO,2024-02-07 ,""515,650805"""
"72033,FR_CARLOS MANTILLA,2024-02-01 ,""516,049652"""
"72033,FR_CARLOS MANTILLA,2024-02-02 ,""544,843757"""
"72033,FR_CARLOS MANTILLA,2024-02-03 ,""560,136069"""
"72033,FR_CARLOS MANTILLA,2024-02-04 ,""592,93258"""
"72033,FR_CARLOS MANTILLA,2024-02-05 ,""863,417514"""
"72033,FR_CARLOS MANTILLA,2024-02-06 ,""444,333531"""
"72033,FR_CARLOS MANTILLA,2024-02-07 ,""480,791067"""
"72040,FR_RUMIURCO,2024-02-01 ,""806,384609"""
"72040,FR_RUMIURCO,2024-02-02 ,""468,356902"""
"72040,FR_RUMIURCO,2024-02-03 ,""723,244478"""
"72040,FR_RUMIURCO,2024-02-04 ,""602,330596"""
"72040,FR_RUMIURCO,2024-02-05 ,""1189,338926"""
"72040,FR_RUMIURCO,2024-02-06 ,""709,066219"""
"72040,FR_RUMIURCO,2024-02-07 ,""699,086935"""
"72045,FR_LOS DOS PUENTES,2024-02-01 ,""609,659773"""
"72045,FR_LOS DOS PUENTES,2024-02-02 ,""406,57721"""
"72045,FR_LOS DOS PUENTES,2024-02-03 ,""289,673924"""
"72045,FR_LOS DOS PUENTES,2024-02-04 ,""198,128153"""
"72045,FR_LOS DOS PUENTES,2024-02-05 ,""594,184303"""
"72045,FR_LOS DOS PUENTES,2024-02-06 ,""459,486246"""
"72045,FR_LOS DOS PUENTES,2024-02-07 ,""183,731303"""
"72049,FR_CAPITAN GEOVANNI CALLES,2024-02-01 ,""724,067883"""
"72049,FR_CAPITAN GEOVANNI CALLES,2024-02-02 ,""589,481359"""
"72049,FR_CAPITAN GEOVANNI CALLES,2024-02-03 ,""441,989463"""
"72049,FR_CAPITAN GEOVANNI CALLES,2024-02-04 ,""452,929792"""
"72049,FR_CAPITAN GEOVANNI CALLES,2024-02-05 ,""802,775568"""
"72049,FR_CAPITAN GEOVANNI CALLES,2024-02-06 ,""615,444896"""
"72049,FR_CAPITAN GEOVANNI CALLES,2024-02-07 ,""526,948035"""
"72051,FR_CIUDAD BICENTENARIO,2024-02-01 ,""236,918789"""
"72051,FR_CIUDAD BICENTENARIO,2024-02-02 ,""201,868094"""
"72051,FR_CIUDAD BICENTENARIO,2024-02-03 ,""206,397078"""
"72051,FR_CIUDAD BICENTENARIO,2024-02-04 ,""141,149185"""
"72051,FR_CIUDAD BICENTENARIO,2024-02-05 ,""201,307631"""
"72051,FR_CIUDAD BICENTENARIO,2024-02-06 ,""192,932577"""
"72051,FR_CIUDAD BICENTENARIO,2024-02-07 ,""187,351931"""
"72052,FR_PLAZA ILALO,2024-02-01 ,""1054,583399"""
"72052,FR_PLAZA ILALO,2024-02-02 ,""502,408846"""
"72052,FR_PLAZA ILALO,2024-02-03 ,""286,408975"""
"72052,FR_PLAZA ILALO,2024-02-04 ,""394,26301"""
"72052,FR_PLAZA ILALO,2024-02-05 ,""1219,254361"""
"72052,FR_PLAZA ILALO,2024-02-06 ,""476,811822"""
"72052,FR_PLAZA ILALO,2024-02-07 ,""455,309763"""
"72053,FR_PIMAMPIRO,2024-02-01 ,""586,250142"""
"72053,FR_PIMAMPIRO,2024-02-02 ,""375,701348"""
"72053,FR_PIMAMPIRO,2024-02-03 ,""485,529915"""
"72053,FR_PIMAMPIRO,2024-02-04 ,""558,884144"""
"72053,FR_PIMAMPIRO,2024-02-05 ,""677,156411"""
"72053,FR_PIMAMPIRO,2024-02-06 ,""361,449014"""
"72053,FR_PIMAMPIRO,2024-02-07 ,""397,374207"""
"72055,FR_PLAZA DE LOS PONCHOS,2024-02-01 ,""380,592346"""
"72055,FR_PLAZA DE LOS PONCHOS,2024-02-02 ,""387,574182"""
"72055,FR_PLAZA DE LOS PONCHOS,2024-02-03 ,""363,684693"""
"72055,FR_PLAZA DE LOS PONCHOS,2024-02-04 ,""399,345065"""
"72055,FR_PLAZA DE LOS PONCHOS,2024-02-05 ,""421,33312"""
"72055,FR_PLAZA DE LOS PONCHOS,2024-02-06 ,""365,640636"""
"72055,FR_PLAZA DE LOS PONCHOS,2024-02-07 ,""290,733851"""
"72056,FR_EL ENCANTO 2,2024-02-01 ,""22,961071"""
"72056,FR_EL ENCANTO 2,2024-02-02 ,""12,645357"""
"72056,FR_EL ENCANTO 2,2024-02-04 ,""3,25"""
"72056,FR_EL ENCANTO 2,2024-02-05 ,""1,08"""
"72056,FR_EL ENCANTO 2,2024-02-06 ,""31,656428"""
"72056,FR_EL ENCANTO 2,2024-02-07 ,""6,28"""
"72063,FR_EMILIO GRIJALVA,2024-02-01 ,""799,361389"""
"72063,FR_EMILIO GRIJALVA,2024-02-02 ,""349,493629"""
"72063,FR_EMILIO GRIJALVA,2024-02-03 ,""285,827977"""
"72063,FR_EMILIO GRIJALVA,2024-02-04 ,""246,575507"""
"72063,FR_EMILIO GRIJALVA,2024-02-05 ,""898,073367"""
"72063,FR_EMILIO GRIJALVA,2024-02-06 ,""407,253827"""
"72063,FR_EMILIO GRIJALVA,2024-02-07 ,""478,411888"""
"72064,FR_COTACACHI,2024-02-01 ,""597,374961"""
"72064,FR_COTACACHI,2024-02-02 ,""609,177574"""
"72064,FR_COTACACHI,2024-02-03 ,""747,430396"""
"72064,FR_COTACACHI,2024-02-04 ,""337,247561"""
"72064,FR_COTACACHI,2024-02-05 ,""673,476869"""
"72064,FR_COTACACHI,2024-02-06 ,""1170,662958"""
"72064,FR_COTACACHI,2024-02-07 ,""539,284638"""
"72065,FR_PANZALEO,2024-02-01 ,""1193,933612"""
"72065,FR_PANZALEO,2024-02-02 ,""602,39145"""
"72065,FR_PANZALEO,2024-02-03 ,""632,728791"""
"72065,FR_PANZALEO,2024-02-04 ,""565,052801"""
"72065,FR_PANZALEO,2024-02-05 ,""919,145756"""
"72065,FR_PANZALEO,2024-02-06 ,""629,535734"""
"72065,FR_PANZALEO,2024-02-07 ,""728,898336"""
"72070,FR_EL TEJAR 2,2024-02-01 ,""181,013571"""
"72070,FR_EL TEJAR 2,2024-02-02 ,""43,566015"""
"72070,FR_EL TEJAR 2,2024-02-03 ,""119,891072"""
"72070,FR_EL TEJAR 2,2024-02-05 ,""78,842321"""
"72070,FR_EL TEJAR 2,2024-02-06 ,""83,273929"""
"72070,FR_EL TEJAR 2,2024-02-07 ,""45,015085"""
"72074,FR_JORGE GARCES,2024-02-01 ,""308,216794"""
"72074,FR_JORGE GARCES,2024-02-02 ,""462,610078"""
"72074,FR_JORGE GARCES,2024-02-03 ,""218,238093"""
"72074,FR_JORGE GARCES,2024-02-04 ,""256,151636"""
"72074,FR_JORGE GARCES,2024-02-05 ,""530,251945"""
"72074,FR_JORGE GARCES,2024-02-06 ,""370,041782"""
"72074,FR_JORGE GARCES,2024-02-07 ,""470,115511"""
"72075,FR_LA ARMENIA,2024-02-01 ,""1871,100932"""
"72075,FR_LA ARMENIA,2024-02-02 ,""771,548804"""
"72075,FR_LA ARMENIA,2024-02-03 ,""898,286044"""
"72075,FR_LA ARMENIA,2024-02-04 ,""1004,434483"""
"72075,FR_LA ARMENIA,2024-02-05 ,""1934,64347"""
"72075,FR_LA ARMENIA,2024-02-06 ,""767,545605"""
"72075,FR_LA ARMENIA,2024-02-07 ,""967,534559"""
"72081,FR_YARUQUI,2024-02-01 ,""1226,687653"""
"72081,FR_YARUQUI,2024-02-02 ,""808,10118"""
"72081,FR_YARUQUI,2024-02-03 ,""1049,942322"""
"72081,FR_YARUQUI,2024-02-04 ,""686,087404"""
"72081,FR_YARUQUI,2024-02-05 ,""1200,315936"""
"72081,FR_YARUQUI,2024-02-06 ,""978,940003"""
"72081,FR_YARUQUI,2024-02-07 ,""1162,351232"""
"72082,FR_CALUMA,2024-02-01 ,""242,852235"""
"72082,FR_CALUMA,2024-02-02 ,""160,25559"""
"72082,FR_CALUMA,2024-02-03 ,""254,715021"""
"72082,FR_CALUMA,2024-02-04 ,""194,117857"""
"72082,FR_CALUMA,2024-02-05 ,""323,745998"""
"72082,FR_CALUMA,2024-02-06 ,""289,533338"""
"72082,FR_CALUMA,2024-02-07 ,""302,479546"""
"72084,FR_CESAR DAVILA,2024-02-01 ,""541,706601"""
"72084,FR_CESAR DAVILA,2024-02-02 ,""398,722318"""
"72084,FR_CESAR DAVILA,2024-02-03 ,""595,91884"""
"72084,FR_CESAR DAVILA,2024-02-04 ,""408,86611"""
"72084,FR_CESAR DAVILA,2024-02-05 ,""768,876446"""
"72084,FR_CESAR DAVILA,2024-02-06 ,""642,388787"""
"72084,FR_CESAR DAVILA,2024-02-07 ,""421,31987"""
"72087,FR_ISLA SANTIAGO,2024-02-01 ,""63,045278"""
"72087,FR_ISLA SANTIAGO,2024-02-02 ,""17,828022"""
"72087,FR_ISLA SANTIAGO,2024-02-03 ,""56,871139"""
"72087,FR_ISLA SANTIAGO,2024-02-05 ,""21,924285"""
"72087,FR_ISLA SANTIAGO,2024-02-06 ,""18,968874"""
"72087,FR_ISLA SANTIAGO,2024-02-07 ,""31,792501"""
"72094,FR_EL CHACO,2024-02-01 ,""857,628304"""
"72094,FR_EL CHACO,2024-02-02 ,""736,255176"""
"72094,FR_EL CHACO,2024-02-03 ,""940,435338"""
"72094,FR_EL CHACO,2024-02-04 ,""781,395337"""
"72094,FR_EL CHACO,2024-02-05 ,""1004,629026"""
"72094,FR_EL CHACO,2024-02-06 ,""815,828201"""
"72094,FR_EL CHACO,2024-02-07 ,""516,682509"""
"72107,FR_EL SAGRARIO,2024-02-01 ,""1543,312591"""
"72107,FR_EL SAGRARIO,2024-02-02 ,""907,09538"""
"72107,FR_EL SAGRARIO,2024-02-03 ,""743,701819"""
"72107,FR_EL SAGRARIO,2024-02-04 ,""726,670122"""
"72107,FR_EL SAGRARIO,2024-02-05 ,""1304,595677"""
"72107,FR_EL SAGRARIO,2024-02-06 ,""855,146371"""
"72107,FR_EL SAGRARIO,2024-02-07 ,""948,220405"""
"72109,FR_LA PRADERA,2024-02-01 ,""1657,754115"""
"72109,FR_LA PRADERA,2024-02-02 ,""509,630722"""
"72109,FR_LA PRADERA,2024-02-03 ,""410,211196"""
"72109,FR_LA PRADERA,2024-02-04 ,""148,175963"""
"72109,FR_LA PRADERA,2024-02-05 ,""772,120422"""
"72109,FR_LA PRADERA,2024-02-06 ,""275,758093"""
"72109,FR_LA PRADERA,2024-02-07 ,""583,749375"""
"72110,FR_PARQUE CHILLOGALLO,2024-02-01 ,""1980,667309"""
"72110,FR_PARQUE CHILLOGALLO,2024-02-02 ,""970,652687"""
"72110,FR_PARQUE CHILLOGALLO,2024-02-03 ,""1095,019343"""
"72110,FR_PARQUE CHILLOGALLO,2024-02-04 ,""1234,856333"""
"72110,FR_PARQUE CHILLOGALLO,2024-02-05 ,""1937,044703"""
"72110,FR_PARQUE CHILLOGALLO,2024-02-06 ,""1325,086278"""
"72110,FR_PARQUE CHILLOGALLO,2024-02-07 ,""1232,639352"""
"72113,FR_EL CHOCLO,2024-02-01 ,""795,634781"""
"72113,FR_EL CHOCLO,2024-02-02 ,""772,479429"""
"72113,FR_EL CHOCLO,2024-02-03 ,""304,022555"""
"72113,FR_EL CHOCLO,2024-02-04 ,""212,707474"""
"72113,FR_EL CHOCLO,2024-02-05 ,""824,328143"""
"72113,FR_EL CHOCLO,2024-02-06 ,""621,783226"""
"72113,FR_EL CHOCLO,2024-02-07 ,""709,706504"""
"72114,FR_GRIBALDO MIÑO,2024-02-01 ,""1039,404413"""
"72114,FR_GRIBALDO MIÑO,2024-02-02 ,""627,909578"""
"72114,FR_GRIBALDO MIÑO,2024-02-03 ,""1074,529553"""
"72114,FR_GRIBALDO MIÑO,2024-02-04 ,""638,553699"""
"72114,FR_GRIBALDO MIÑO,2024-02-05 ,""1378,583352"""
"72114,FR_GRIBALDO MIÑO,2024-02-06 ,""656,882267"""
"72114,FR_GRIBALDO MIÑO,2024-02-07 ,""1052,495134"""
"72115,FR_FAJARDO,2024-02-01 ,""2626,931793"""
"72115,FR_FAJARDO,2024-02-02 ,""1094,399857"""
"72115,FR_FAJARDO,2024-02-03 ,""843,000362"""
"72115,FR_FAJARDO,2024-02-04 ,""776,311732"""
"72115,FR_FAJARDO,2024-02-05 ,""1885,512285"""
"72115,FR_FAJARDO,2024-02-06 ,""1072,229394"""
"72115,FR_FAJARDO,2024-02-07 ,""1031,286181"""
"72120,FR_COLTA,2024-02-01 ,""609,85882"""
"72120,FR_COLTA,2024-02-02 ,""560,722295"""
"72120,FR_COLTA,2024-02-03 ,""549,994545"""
"72120,FR_COLTA,2024-02-04 ,""1024,421079"""
"72120,FR_COLTA,2024-02-05 ,""617,857186"""
"72120,FR_COLTA,2024-02-06 ,""580,468614"""
"72120,FR_COLTA,2024-02-07 ,""675,196453"""
"72122,FR_VIA SUA,2024-02-01 ,""458,411134"""
"72122,FR_VIA SUA,2024-02-02 ,""478,334719"""
"72122,FR_VIA SUA,2024-02-03 ,""459,414883"""
"72122,FR_VIA SUA,2024-02-04 ,""562,737681"""
"72122,FR_VIA SUA,2024-02-05 ,""816,574393"""
"72122,FR_VIA SUA,2024-02-06 ,""512,864494"""
"72122,FR_VIA SUA,2024-02-07 ,""669,526489"""
"72123,FR_VICTOR HUGO,2024-02-01 ,""1678,096845"""
"72123,FR_VICTOR HUGO,2024-02-02 ,""772,257587"""
"72123,FR_VICTOR HUGO,2024-02-03 ,""490,880926"""
"72123,FR_VICTOR HUGO,2024-02-04 ,""608,965864"""
"72123,FR_VICTOR HUGO,2024-02-05 ,""1466,557194"""
"72123,FR_VICTOR HUGO,2024-02-06 ,""648,856436"""
"72123,FR_VICTOR HUGO,2024-02-07 ,""369,904465"""
"72124,FR_TERMINAL PUYO,2024-02-01 ,""1030,687123"""
"72124,FR_TERMINAL PUYO,2024-02-02 ,""608,190999"""
"72124,FR_TERMINAL PUYO,2024-02-03 ,""500,654509"""
"72124,FR_TERMINAL PUYO,2024-02-04 ,""425,924697"""
"72124,FR_TERMINAL PUYO,2024-02-05 ,""773,301409"""
"72124,FR_TERMINAL PUYO,2024-02-06 ,""782,935175"""
"72124,FR_TERMINAL PUYO,2024-02-07 ,""688,06735"""
"72125,FR_LA MARIN 2,2024-02-01 ,""737,177331"""
"72125,FR_LA MARIN 2,2024-02-02 ,""422,064503"""
"72125,FR_LA MARIN 2,2024-02-03 ,""534,124413"""
"72125,FR_LA MARIN 2,2024-02-04 ,""347,249988"""
"72125,FR_LA MARIN 2,2024-02-05 ,""750,083193"""
"72125,FR_LA MARIN 2,2024-02-06 ,""446,953385"""
"72125,FR_LA MARIN 2,2024-02-07 ,""408,403866"""
"72126,FR_ AMBATO SHYRIS,2024-02-01 ,""1222,764414"""
"72126,FR_ AMBATO SHYRIS,2024-02-02 ,""478,623325"""
"72126,FR_ AMBATO SHYRIS,2024-02-03 ,""353,056523"""
"72126,FR_ AMBATO SHYRIS,2024-02-04 ,""247,802341"""
"72126,FR_ AMBATO SHYRIS,2024-02-05 ,""1322,266135"""
"72126,FR_ AMBATO SHYRIS,2024-02-06 ,""542,182959"""
"72126,FR_ AMBATO SHYRIS,2024-02-07 ,""374,213163"""
"72139,FR_EL PESCADOR,2024-02-01 ,""779,828843"""
"72139,FR_EL PESCADOR,2024-02-02 ,""667,94471"""
"72139,FR_EL PESCADOR,2024-02-03 ,""646,770102"""
"72139,FR_EL PESCADOR,2024-02-04 ,""411,115597"""
"72139,FR_EL PESCADOR,2024-02-05 ,""919,524775"""
"72139,FR_EL PESCADOR,2024-02-06 ,""610,301408"""
"72139,FR_EL PESCADOR,2024-02-07 ,""423,520731"""
"72143,FR_RIO PILALO,2024-02-01 ,""612,370693"""
"72143,FR_RIO PILALO,2024-02-02 ,""604,574076"""
"72143,FR_RIO PILALO,2024-02-03 ,""543,464334"""
"72143,FR_RIO PILALO,2024-02-04 ,""578,105086"""
"72143,FR_RIO PILALO,2024-02-05 ,""688,478483"""
"72143,FR_RIO PILALO,2024-02-06 ,""564,062955"""
"72143,FR_RIO PILALO,2024-02-07 ,""514,332763"""
"72149,FR_PLAZA KENNEDY,2024-02-01 ,""815,692658"""
"72149,FR_PLAZA KENNEDY,2024-02-02 ,""795,087646"""
"72149,FR_PLAZA KENNEDY,2024-02-03 ,""944,77088"""
"72149,FR_PLAZA KENNEDY,2024-02-04 ,""612,398094"""
"72149,FR_PLAZA KENNEDY,2024-02-05 ,""1011,677334"""
"72149,FR_PLAZA KENNEDY,2024-02-06 ,""1029,019894"""
"72149,FR_PLAZA KENNEDY,2024-02-07 ,""657,348669"""
"72150,FR_OCHOA LEON,2024-02-01 ,""366,659592"""
"72150,FR_OCHOA LEON,2024-02-02 ,""372,009715"""
"72150,FR_OCHOA LEON,2024-02-03 ,""362,578835"""
"72150,FR_OCHOA LEON,2024-02-04 ,""256,472753"""
"72150,FR_OCHOA LEON,2024-02-05 ,""557,484248"""
"72150,FR_OCHOA LEON,2024-02-06 ,""432,834992"""
"72150,FR_OCHOA LEON,2024-02-07 ,""534,665417"""
"72151,FR_LAURICE ANTON,2024-02-01 ,""775,978517"""
"72151,FR_LAURICE ANTON,2024-02-02 ,""477,39495"""
"72151,FR_LAURICE ANTON,2024-02-03 ,""594,672722"""
"72151,FR_LAURICE ANTON,2024-02-04 ,""388,697951"""
"72151,FR_LAURICE ANTON,2024-02-05 ,""873,992405"""
"72151,FR_LAURICE ANTON,2024-02-06 ,""553,717772"""
"72151,FR_LAURICE ANTON,2024-02-07 ,""465,276736"""
"72152,FR_PLAYA CHICA 2,2024-02-01 ,""1099,55474"""
"72152,FR_PLAYA CHICA 2,2024-02-02 ,""414,477959"""
"72152,FR_PLAYA CHICA 2,2024-02-03 ,""889,00433"""
"72152,FR_PLAYA CHICA 2,2024-02-04 ,""585,237219"""
"72152,FR_PLAYA CHICA 2,2024-02-05 ,""1788,637132"""
"72152,FR_PLAYA CHICA 2,2024-02-06 ,""532,399321"""
"72152,FR_PLAYA CHICA 2,2024-02-07 ,""473,588616"""
"72158,FR_CANONIGO RAMOS,2024-02-01 ,""1325,810162"""
"72158,FR_CANONIGO RAMOS,2024-02-02 ,""808,607456"""
"72158,FR_CANONIGO RAMOS,2024-02-03 ,""787,501746"""
"72158,FR_CANONIGO RAMOS,2024-02-04 ,""645,030946"""
"72158,FR_CANONIGO RAMOS,2024-02-05 ,""1706,525003"""
"72158,FR_CANONIGO RAMOS,2024-02-06 ,""1006,900033"""
"72158,FR_CANONIGO RAMOS,2024-02-07 ,""1002,855506"""
"72163,FR_JARDIN DE NAYON,2024-02-01 ,""940,383309"""
"72163,FR_JARDIN DE NAYON,2024-02-02 ,""355,85952"""
"72163,FR_JARDIN DE NAYON,2024-02-03 ,""529,444318"""
"72163,FR_JARDIN DE NAYON,2024-02-04 ,""499,781601"""
"72163,FR_JARDIN DE NAYON,2024-02-05 ,""1005,452661"""
"72163,FR_JARDIN DE NAYON,2024-02-06 ,""590,695365"""
"72163,FR_JARDIN DE NAYON,2024-02-07 ,""696,119858"""
"72165,FR_LIZARZABURO,2024-02-01 ,""869,510341"""
"72165,FR_LIZARZABURO,2024-02-02 ,""558,151311"""
"72165,FR_LIZARZABURO,2024-02-03 ,""371,944941"""
"72165,FR_LIZARZABURO,2024-02-04 ,""399,542414"""
"72165,FR_LIZARZABURO,2024-02-05 ,""876,616874"""
"72165,FR_LIZARZABURO,2024-02-06 ,""522,640427"""
"72165,FR_LIZARZABURO,2024-02-07 ,""650,204096"""
"72166,FR_IZAMBA,2024-02-01 ,""1387,721261"""
"72166,FR_IZAMBA,2024-02-02 ,""1152,102962"""
"72166,FR_IZAMBA,2024-02-03 ,""864,631784"""
"72166,FR_IZAMBA,2024-02-04 ,""848,43059"""
"72166,FR_IZAMBA,2024-02-05 ,""1163,53836"""
"72166,FR_IZAMBA,2024-02-06 ,""995,774988"""
"72166,FR_IZAMBA,2024-02-07 ,""866,442831"""
"72172,FR_SAN JACINTO,2024-02-01 ,""717,438253"""
"72172,FR_SAN JACINTO,2024-02-02 ,""282,909883"""
"72172,FR_SAN JACINTO,2024-02-03 ,""431,488854"""
"72172,FR_SAN JACINTO,2024-02-04 ,""416,270061"""
"72172,FR_SAN JACINTO,2024-02-05 ,""671,599426"""
"72172,FR_SAN JACINTO,2024-02-06 ,""372,362045"""
"72172,FR_SAN JACINTO,2024-02-07 ,""390,119244"""
"72180,FR_HEROES DE PAQUISHA,2024-02-01 ,""803,420985"""
"72180,FR_HEROES DE PAQUISHA,2024-02-02 ,""365,410563"""
"72180,FR_HEROES DE PAQUISHA,2024-02-03 ,""227,435223"""
"72180,FR_HEROES DE PAQUISHA,2024-02-04 ,""184,081468"""
"72180,FR_HEROES DE PAQUISHA,2024-02-05 ,""1041,924281"""
"72180,FR_HEROES DE PAQUISHA,2024-02-06 ,""666,179184"""
"72180,FR_HEROES DE PAQUISHA,2024-02-07 ,""325,368094"""
"72185,FR_CAUPICHO 2,2024-02-01 ,""949,370378"""
"72185,FR_CAUPICHO 2,2024-02-02 ,""585,983875"""
"72185,FR_CAUPICHO 2,2024-02-03 ,""510,49068"""
"72185,FR_CAUPICHO 2,2024-02-04 ,""592,674131"""
"72185,FR_CAUPICHO 2,2024-02-05 ,""912,767786"""
"72185,FR_CAUPICHO 2,2024-02-06 ,""576,99093"""
"72185,FR_CAUPICHO 2,2024-02-07 ,""822,360061"""
"72186,FR_UNIDAD POPULAR,2024-02-01 ,""1378,612065"""
"72186,FR_UNIDAD POPULAR,2024-02-02 ,""997,209042"""
"72186,FR_UNIDAD POPULAR,2024-02-03 ,""1014,246684"""
"72186,FR_UNIDAD POPULAR,2024-02-04 ,""645,85264"""
"72186,FR_UNIDAD POPULAR,2024-02-05 ,""1533,73087"""
"72186,FR_UNIDAD POPULAR,2024-02-06 ,""1226,93174"""
"72186,FR_UNIDAD POPULAR,2024-02-07 ,""1209,770171"""
"72191,FR_AJAVI 2,2024-02-01 ,""1305,512384"""
"72191,FR_AJAVI 2,2024-02-02 ,""744,934988"""
"72191,FR_AJAVI 2,2024-02-03 ,""509,41469"""
"72191,FR_AJAVI 2,2024-02-04 ,""358,66748"""
"72191,FR_AJAVI 2,2024-02-05 ,""1030,746465"""
"72191,FR_AJAVI 2,2024-02-06 ,""574,319255"""
"72191,FR_AJAVI 2,2024-02-07 ,""674,688652"""
"72198,FR_PLATAFORMA QUITUMBE,2024-02-01 ,""991,918349"""
"72198,FR_PLATAFORMA QUITUMBE,2024-02-02 ,""272,782369"""
"72198,FR_PLATAFORMA QUITUMBE,2024-02-03 ,""274,426053"""
"72198,FR_PLATAFORMA QUITUMBE,2024-02-05 ,""853,61065"""
"72198,FR_PLATAFORMA QUITUMBE,2024-02-06 ,""580,977664"""
"72198,FR_PLATAFORMA QUITUMBE,2024-02-07 ,""545,490572"""
"72199,FR_AGUSTIN DAVALOS,2024-02-01 ,""525,385237"""
"72199,FR_AGUSTIN DAVALOS,2024-02-02 ,""488,256585"""
"72199,FR_AGUSTIN DAVALOS,2024-02-03 ,""325,666724"""
"72199,FR_AGUSTIN DAVALOS,2024-02-04 ,""335,006965"""
"72199,FR_AGUSTIN DAVALOS,2024-02-05 ,""487,353774"""
"72199,FR_AGUSTIN DAVALOS,2024-02-06 ,""688,386391"""
"72199,FR_AGUSTIN DAVALOS,2024-02-07 ,""429,103856"""
"72200,FR_FEDERICO GODIN,2024-02-01 ,""763,599369"""
"72200,FR_FEDERICO GODIN,2024-02-02 ,""227,302192"""
"72200,FR_FEDERICO GODIN,2024-02-03 ,""211,58753"""
"72200,FR_FEDERICO GODIN,2024-02-05 ,""476,337409"""
"72200,FR_FEDERICO GODIN,2024-02-06 ,""180,652305"""
"72200,FR_FEDERICO GODIN,2024-02-07 ,""462,969755"""
"72202,FR_CRISTO REY,2024-02-01 ,""608,095691"""
"72202,FR_CRISTO REY,2024-02-02 ,""345,580177"""
"72202,FR_CRISTO REY,2024-02-03 ,""226,600135"""
"72202,FR_CRISTO REY,2024-02-04 ,""174,337237"""
"72202,FR_CRISTO REY,2024-02-05 ,""1151,175095"""
"72202,FR_CRISTO REY,2024-02-06 ,""339,933871"""
"72202,FR_CRISTO REY,2024-02-07 ,""412,663271"""
"72210,FR_CUBA 2,2024-02-01 ,""356,02912"""
"72210,FR_CUBA 2,2024-02-02 ,""164,009671"""
"72210,FR_CUBA 2,2024-02-03 ,""2079,420457"""
"72210,FR_CUBA 2,2024-02-04 ,""267,053861"""
"72210,FR_CUBA 2,2024-02-05 ,""365,591343"""
"72210,FR_CUBA 2,2024-02-06 ,""237,562306"""
"72210,FR_CUBA 2,2024-02-07 ,""219,962245"""
"72211,FR_FABRICIO GONZALEZ,2024-02-01 ,""162,426077"""
"72211,FR_FABRICIO GONZALEZ,2024-02-02 ,""182,312251"""
"72211,FR_FABRICIO GONZALEZ,2024-02-03 ,""183,493614"""
"72211,FR_FABRICIO GONZALEZ,2024-02-05 ,""268,019115"""
"72211,FR_FABRICIO GONZALEZ,2024-02-06 ,""199,130418"""
"72211,FR_FABRICIO GONZALEZ,2024-02-07 ,""206,787899"""
"72213,FR_CHILLANES,2024-02-01 ,""341,194457"""
"72213,FR_CHILLANES,2024-02-02 ,""231,526733"""
"72213,FR_CHILLANES,2024-02-03 ,""182,062767"""
"72213,FR_CHILLANES,2024-02-04 ,""374,430761"""
"72213,FR_CHILLANES,2024-02-05 ,""290,716875"""
"72213,FR_CHILLANES,2024-02-06 ,""327,644149"""
"72213,FR_CHILLANES,2024-02-07 ,""335,284356"""
"72214,FR_ANDRES BELLO,2024-02-01 ,""305,470266"""
"72214,FR_ANDRES BELLO,2024-02-02 ,""294,358422"""
"72214,FR_ANDRES BELLO,2024-02-03 ,""320,392492"""
"72214,FR_ANDRES BELLO,2024-02-04 ,""399,893106"""
"72214,FR_ANDRES BELLO,2024-02-05 ,""371,148558"""
"72214,FR_ANDRES BELLO,2024-02-06 ,""615,749288"""
"72214,FR_ANDRES BELLO,2024-02-07 ,""448,15753"""
"72215,FR_LOS ESTEROS,2024-02-01 ,""485,3561"""
"72215,FR_LOS ESTEROS,2024-02-02 ,""389,008348"""
"72215,FR_LOS ESTEROS,2024-02-03 ,""390,84182"""
"72215,FR_LOS ESTEROS,2024-02-04 ,""273,178212"""
"72215,FR_LOS ESTEROS,2024-02-05 ,""682,712391"""
"72215,FR_LOS ESTEROS,2024-02-06 ,""280,71237"""
"72215,FR_LOS ESTEROS,2024-02-07 ,""437,99963"""
"72216,FR_SAUCES 2,2024-02-01 ,""867,244496"""
"72216,FR_SAUCES 2,2024-02-02 ,""475,171477"""
"72216,FR_SAUCES 2,2024-02-03 ,""556,795417"""
"72216,FR_SAUCES 2,2024-02-04 ,""594,366834"""
"72216,FR_SAUCES 2,2024-02-05 ,""878,726323"""
"72216,FR_SAUCES 2,2024-02-06 ,""585,424411"""
"72216,FR_SAUCES 2,2024-02-07 ,""520,069093"""
"72218,FR_ HOSPITAL SAN JUAN,2024-02-01 ,""1052,574173"""
"72218,FR_ HOSPITAL SAN JUAN,2024-02-02 ,""617,179056"""
"72218,FR_ HOSPITAL SAN JUAN,2024-02-03 ,""596,425488"""
"72218,FR_ HOSPITAL SAN JUAN,2024-02-04 ,""401,901018"""
"72218,FR_ HOSPITAL SAN JUAN,2024-02-05 ,""1610,808849"""
"72218,FR_ HOSPITAL SAN JUAN,2024-02-06 ,""600,411163"""
"72218,FR_ HOSPITAL SAN JUAN,2024-02-07 ,""532,98733"""
"72222,FR_LA PRENSA,2024-02-01 ,""803,948122"""
"72222,FR_LA PRENSA,2024-02-02 ,""547,397089"""
"72222,FR_LA PRENSA,2024-02-03 ,""420,433284"""
"72222,FR_LA PRENSA,2024-02-04 ,""506,920466"""
"72222,FR_LA PRENSA,2024-02-05 ,""767,009344"""
"72222,FR_LA PRENSA,2024-02-06 ,""731,686929"""
"72222,FR_LA PRENSA,2024-02-07 ,""466,136278"""
"72223,FR_COLIBRI,2024-02-01 ,""995,68955"""
"72223,FR_COLIBRI,2024-02-02 ,""671,922586"""
"72223,FR_COLIBRI,2024-02-03 ,""415,916488"""
"72223,FR_COLIBRI,2024-02-04 ,""323,620982"""
"72223,FR_COLIBRI,2024-02-05 ,""1248,635997"""
"72223,FR_COLIBRI,2024-02-06 ,""734,866561"""
"72223,FR_COLIBRI,2024-02-07 ,""973,062851"""
"72225,FR_CHILLO JIJON,2024-02-01 ,""561,606634"""
"72225,FR_CHILLO JIJON,2024-02-02 ,""421,426609"""
"72225,FR_CHILLO JIJON,2024-02-03 ,""382,233059"""
"72225,FR_CHILLO JIJON,2024-02-04 ,""374,431211"""
"72225,FR_CHILLO JIJON,2024-02-05 ,""872,018467"""
"72225,FR_CHILLO JIJON,2024-02-06 ,""384,086924"""
"72225,FR_CHILLO JIJON,2024-02-07 ,""702,923136"""
"72228,FR_DANIEL BORJA,2024-02-01 ,""1281,639968"""
"72228,FR_DANIEL BORJA,2024-02-02 ,""423,857255"""
"72228,FR_DANIEL BORJA,2024-02-03 ,""257,969427"""
"72228,FR_DANIEL BORJA,2024-02-04 ,""380,777175"""
"72228,FR_DANIEL BORJA,2024-02-05 ,""1266,580349"""
"72228,FR_DANIEL BORJA,2024-02-06 ,""312,34443"""
"72228,FR_DANIEL BORJA,2024-02-07 ,""770,992003"""
"72229,FR_COJIMIES,2024-02-01 ,""1248,295866"""
"72229,FR_COJIMIES,2024-02-02 ,""434,729187"""
"72229,FR_COJIMIES,2024-02-03 ,""726,902844"""
"72229,FR_COJIMIES,2024-02-04 ,""708,783362"""
"72229,FR_COJIMIES,2024-02-05 ,""1079,716644"""
"72229,FR_COJIMIES,2024-02-06 ,""626,425694"""
"72229,FR_COJIMIES,2024-02-07 ,""415,894861"""
"72231,FR_EL ENCANTO 3,2024-02-01 ,""85,510646"""
"72231,FR_EL ENCANTO 3,2024-02-02 ,""83,261061"""
"72231,FR_EL ENCANTO 3,2024-02-03 ,""123,583425"""
"72231,FR_EL ENCANTO 3,2024-02-04 ,""277,564038"""
"72231,FR_EL ENCANTO 3,2024-02-05 ,""125,44208"""
"72231,FR_EL ENCANTO 3,2024-02-06 ,""140,495561"""
"72231,FR_EL ENCANTO 3,2024-02-07 ,""57,018225"""
"72235,FR_MANUEL ITURRALDE,2024-02-01 ,""571,30655"""
"72235,FR_MANUEL ITURRALDE,2024-02-02 ,""244,959516"""
"72235,FR_MANUEL ITURRALDE,2024-02-03 ,""474,435409"""
"72235,FR_MANUEL ITURRALDE,2024-02-04 ,""215,002816"""
"72235,FR_MANUEL ITURRALDE,2024-02-05 ,""493,111069"""
"72235,FR_MANUEL ITURRALDE,2024-02-06 ,""439,593186"""
"72235,FR_MANUEL ITURRALDE,2024-02-07 ,""557,014966"""
"72238,FR_HOSPITAL IESS MANTA,2024-02-01 ,""573,630923"""
"72238,FR_HOSPITAL IESS MANTA,2024-02-02 ,""569,903726"""
"72238,FR_HOSPITAL IESS MANTA,2024-02-03 ,""443,628217"""
"72238,FR_HOSPITAL IESS MANTA,2024-02-04 ,""570,406844"""
"72238,FR_HOSPITAL IESS MANTA,2024-02-05 ,""599,102124"""
"72238,FR_HOSPITAL IESS MANTA,2024-02-06 ,""440,165879"""
"72238,FR_HOSPITAL IESS MANTA,2024-02-07 ,""462,980537"""
"72239,FR_ZABALA,2024-02-01 ,""541,620617"""
"72239,FR_ZABALA,2024-02-02 ,""253,854515"""
"72239,FR_ZABALA,2024-02-03 ,""391,936782"""
"72239,FR_ZABALA,2024-02-04 ,""270,625336"""
"72239,FR_ZABALA,2024-02-05 ,""589,055735"""
"72239,FR_ZABALA,2024-02-06 ,""444,716558"""
"72239,FR_ZABALA,2024-02-07 ,""336,887039"""
"72245,FR_EL INGA,2024-02-01 ,""1765,519617"""
"72245,FR_EL INGA,2024-02-02 ,""1082,390514"""
"72245,FR_EL INGA,2024-02-03 ,""1036,981802"""
"72245,FR_EL INGA,2024-02-04 ,""1046,513235"""
"72245,FR_EL INGA,2024-02-05 ,""1525,777299"""
"72245,FR_EL INGA,2024-02-06 ,""1208,939232"""
"72245,FR_EL INGA,2024-02-07 ,""1438,512358"""
"72246,FR_ISLA MARCHENA,2024-02-01 ,""1566,565773"""
"72246,FR_ISLA MARCHENA,2024-02-02 ,""660,674721"""
"72246,FR_ISLA MARCHENA,2024-02-03 ,""628,91546"""
"72246,FR_ISLA MARCHENA,2024-02-04 ,""709,235967"""
"72246,FR_ISLA MARCHENA,2024-02-05 ,""1238,234717"""
"72246,FR_ISLA MARCHENA,2024-02-06 ,""910,243899"""
"72246,FR_ISLA MARCHENA,2024-02-07 ,""578,128969"""
"72249,FR_ANGEL MENESES,2024-02-01 ,""435,544957"""
"72249,FR_ANGEL MENESES,2024-02-02 ,""244,656332"""
"72249,FR_ANGEL MENESES,2024-02-03 ,""273,404693"""
"72249,FR_ANGEL MENESES,2024-02-04 ,""200,068205"""
"72249,FR_ANGEL MENESES,2024-02-05 ,""765,29108"""
"72249,FR_ANGEL MENESES,2024-02-06 ,""557,236165"""
"72249,FR_ANGEL MENESES,2024-02-07 ,""597,44111"""
"72250,CERRADO FR_MARSELLA,2024-02-01 ,""260,093598"""
"72250,CERRADO FR_MARSELLA,2024-02-02 ,""830,867972"""
"72254,FR_CLINICA METROPOLITANA,2024-02-01 ,""549,555192"""
"72254,FR_CLINICA METROPOLITANA,2024-02-02 ,""481,320618"""
"72254,FR_CLINICA METROPOLITANA,2024-02-03 ,""423,848488"""
"72254,FR_CLINICA METROPOLITANA,2024-02-04 ,""247,849108"""
"72254,FR_CLINICA METROPOLITANA,2024-02-05 ,""1084,946331"""
"72254,FR_CLINICA METROPOLITANA,2024-02-06 ,""401,715499"""
"72254,FR_CLINICA METROPOLITANA,2024-02-07 ,""562,09575"""
"72255,FR_PALORA,2024-02-01 ,""886,773617"""
"72255,FR_PALORA,2024-02-02 ,""698,704295"""
"72255,FR_PALORA,2024-02-03 ,""567,6747"""
"72255,FR_PALORA,2024-02-04 ,""675,932802"""
"72255,FR_PALORA,2024-02-05 ,""652,668989"""
"72255,FR_PALORA,2024-02-06 ,""479,462683"""
"72255,FR_PALORA,2024-02-07 ,""520,361954"""
"72256,FR_SAN MARTIN,2024-02-01 ,""833,773461"""
"72256,FR_SAN MARTIN,2024-02-02 ,""519,016174"""
"72256,FR_SAN MARTIN,2024-02-03 ,""832,320269"""
"72256,FR_SAN MARTIN,2024-02-04 ,""351,393285"""
"72256,FR_SAN MARTIN,2024-02-05 ,""870,050487"""
"72256,FR_SAN MARTIN,2024-02-06 ,""420,348325"""
"72256,FR_SAN MARTIN,2024-02-07 ,""925,959214"""
"72258,FR_LAS BROMELIAS,2024-02-01 ,""752,842412"""
"72258,FR_LAS BROMELIAS,2024-02-02 ,""755,187841"""
"72258,FR_LAS BROMELIAS,2024-02-03 ,""603,948748"""
"72258,FR_LAS BROMELIAS,2024-02-04 ,""425,012045"""
"72258,FR_LAS BROMELIAS,2024-02-05 ,""738,723016"""
"72258,FR_LAS BROMELIAS,2024-02-06 ,""670,509398"""
"72258,FR_LAS BROMELIAS,2024-02-07 ,""504,44621"""
"72260,FR_SHELL 2,2024-02-01 ,""759,546296"""
"72260,FR_SHELL 2,2024-02-02 ,""561,593821"""
"72260,FR_SHELL 2,2024-02-03 ,""472,295354"""
"72260,FR_SHELL 2,2024-02-04 ,""447,644137"""
"72260,FR_SHELL 2,2024-02-05 ,""476,846033"""
"72260,FR_SHELL 2,2024-02-06 ,""384,341795"""
"72260,FR_SHELL 2,2024-02-07 ,""530,384668"""
"72261,FR_ARCHIDONA,2024-02-01 ,""350,696293"""
"72261,FR_ARCHIDONA,2024-02-02 ,""518,152194"""
"72261,FR_ARCHIDONA,2024-02-03 ,""512,570806"""
"72261,FR_ARCHIDONA,2024-02-04 ,""516,538566"""
"72261,FR_ARCHIDONA,2024-02-05 ,""464,517826"""
"72261,FR_ARCHIDONA,2024-02-06 ,""454,505612"""
"72261,FR_ARCHIDONA,2024-02-07 ,""536,349468"""
"72267,FR_MANUEL SALCEDO 2,2024-02-01 ,""835,094647"""
"72267,FR_MANUEL SALCEDO 2,2024-02-02 ,""416,093829"""
"72267,FR_MANUEL SALCEDO 2,2024-02-03 ,""433,731946"""
"72267,FR_MANUEL SALCEDO 2,2024-02-04 ,""704,362407"""
"72267,FR_MANUEL SALCEDO 2,2024-02-05 ,""635,267453"""
"72267,FR_MANUEL SALCEDO 2,2024-02-06 ,""507,394146"""
"72267,FR_MANUEL SALCEDO 2,2024-02-07 ,""417,976104"""
"72268,FR_ALAMOS 2,2024-02-01 ,""963,776338"""
"72268,FR_ALAMOS 2,2024-02-02 ,""572,673416"""
"72268,FR_ALAMOS 2,2024-02-03 ,""593,616282"""
"72268,FR_ALAMOS 2,2024-02-04 ,""237,596429"""
"72268,FR_ALAMOS 2,2024-02-05 ,""1405,170368"""
"72268,FR_ALAMOS 2,2024-02-06 ,""468,737436"""
"72268,FR_ALAMOS 2,2024-02-07 ,""411,710172"""
"72270,FR_SAN PATRICIO,2024-02-01 ,""315,451929"""
"72270,FR_SAN PATRICIO,2024-02-02 ,""132,619602"""
"72270,FR_SAN PATRICIO,2024-02-03 ,""110,588227"""
"72270,FR_SAN PATRICIO,2024-02-04 ,""132,054317"""
"72270,FR_SAN PATRICIO,2024-02-05 ,""353,874863"""
"72270,FR_SAN PATRICIO,2024-02-06 ,""361,407269"""
"72270,FR_SAN PATRICIO,2024-02-07 ,""197,549477"""
"72271,FR_COLLALOMA,2024-02-01 ,""660,991634"""
"72271,FR_COLLALOMA,2024-02-02 ,""539,663534"""
"72271,FR_COLLALOMA,2024-02-03 ,""448,376123"""
"72271,FR_COLLALOMA,2024-02-04 ,""310,18001"""
"72271,FR_COLLALOMA,2024-02-05 ,""686,878558"""
"72271,FR_COLLALOMA,2024-02-06 ,""315,831212"""
"72271,FR_COLLALOMA,2024-02-07 ,""225,647993"""
"72272,FR_VILLA VEGA,2024-02-01 ,""2408,750918"""
"72272,FR_VILLA VEGA,2024-02-02 ,""532,646908"""
"72272,FR_VILLA VEGA,2024-02-03 ,""657,701904"""
"72272,FR_VILLA VEGA,2024-02-04 ,""454,672214"""
"72272,FR_VILLA VEGA,2024-02-05 ,""912,822961"""
"72272,FR_VILLA VEGA,2024-02-06 ,""541,059743"""
"72272,FR_VILLA VEGA,2024-02-07 ,""517,238481"""
"72273,FR_TONSUPA,2024-02-01 ,""623,303933"""
"72273,FR_TONSUPA,2024-02-02 ,""446,99449"""
"72273,FR_TONSUPA,2024-02-03 ,""518,842283"""
"72273,FR_TONSUPA,2024-02-04 ,""365,227245"""
"72273,FR_TONSUPA,2024-02-05 ,""856,141649"""
"72273,FR_TONSUPA,2024-02-06 ,""485,479884"""
"72273,FR_TONSUPA,2024-02-07 ,""461,761262"""
"72279,FR_LA ESPE,2024-02-01 ,""1164,95205"""
"72279,FR_LA ESPE,2024-02-02 ,""634,334565"""
"72279,FR_LA ESPE,2024-02-03 ,""184,864788"""
"72279,FR_LA ESPE,2024-02-05 ,""910,580148"""
"72279,FR_LA ESPE,2024-02-06 ,""592,151991"""
"72279,FR_LA ESPE,2024-02-07 ,""735,822213"""
"72282,FR_CIUDADELA EJERCITO,2024-02-01 ,""1072,37469"""
"72282,FR_CIUDADELA EJERCITO,2024-02-02 ,""1255,112232"""
"72282,FR_CIUDADELA EJERCITO,2024-02-03 ,""1053,101881"""
"72282,FR_CIUDADELA EJERCITO,2024-02-04 ,""964,57313"""
"72282,FR_CIUDADELA EJERCITO,2024-02-05 ,""1489,153107"""
"72282,FR_CIUDADELA EJERCITO,2024-02-06 ,""1137,728168"""
"72282,FR_CIUDADELA EJERCITO,2024-02-07 ,""1233,957377"""
"72283,FR_9 DE MAYO,2024-02-01 ,""537,502973"""
"72283,FR_9 DE MAYO,2024-02-02 ,""312,907154"""
"72283,FR_9 DE MAYO,2024-02-03 ,""328,697122"""
"72283,FR_9 DE MAYO,2024-02-04 ,""318,669608"""
"72283,FR_9 DE MAYO,2024-02-05 ,""292,7593"""
"72283,FR_9 DE MAYO,2024-02-06 ,""312,069581"""
"72283,FR_9 DE MAYO,2024-02-07 ,""358,448275"""
"72284,FR_VIRACOCHA,2024-02-01 ,""635,981749"""
"72284,FR_VIRACOCHA,2024-02-02 ,""406,885221"""
"72284,FR_VIRACOCHA,2024-02-03 ,""441,144725"""
"72284,FR_VIRACOCHA,2024-02-04 ,""640,130335"""
"72284,FR_VIRACOCHA,2024-02-05 ,""759,769666"""
"72284,FR_VIRACOCHA,2024-02-06 ,""568,136094"""
"72284,FR_VIRACOCHA,2024-02-07 ,""755,019492"""
"72285,FR_MOISES FIERRO,2024-02-01 ,""143,243403"""
"72285,FR_MOISES FIERRO,2024-02-02 ,""209,555609"""
"72285,FR_MOISES FIERRO,2024-02-03 ,""171,243053"""
"72285,FR_MOISES FIERRO,2024-02-04 ,""175,522082"""
"72285,FR_MOISES FIERRO,2024-02-05 ,""534,319125"""
"72285,FR_MOISES FIERRO,2024-02-06 ,""417,728072"""
"72285,FR_MOISES FIERRO,2024-02-07 ,""216,723679"""
"72286,FR_LOS ENCUENTROS,2024-02-01 ,""577,433607"""
"72286,FR_LOS ENCUENTROS,2024-02-02 ,""444,180216"""
"72286,FR_LOS ENCUENTROS,2024-02-03 ,""643,554483"""
"72286,FR_LOS ENCUENTROS,2024-02-04 ,""341,195164"""
"72286,FR_LOS ENCUENTROS,2024-02-05 ,""595,684563"""
"72286,FR_LOS ENCUENTROS,2024-02-06 ,""403,252746"""
"72286,FR_LOS ENCUENTROS,2024-02-07 ,""260,319171"""
"72287,FR_INTY ÑAN,2024-02-01 ,""513,6757"""
"72287,FR_INTY ÑAN,2024-02-02 ,""322,263442"""
"72287,FR_INTY ÑAN,2024-02-03 ,""207,064398"""
"72287,FR_INTY ÑAN,2024-02-04 ,""443,679208"""
"72287,FR_INTY ÑAN,2024-02-05 ,""708,089152"""
"72287,FR_INTY ÑAN,2024-02-06 ,""292,380109"""
"72287,FR_INTY ÑAN,2024-02-07 ,""192,112702"""
"72289,FR_CONSTITUYENTE,2024-02-01 ,""883,490779"""
"72289,FR_CONSTITUYENTE,2024-02-02 ,""546,053798"""
"72289,FR_CONSTITUYENTE,2024-02-03 ,""431,644566"""
"72289,FR_CONSTITUYENTE,2024-02-04 ,""150,862806"""
"72289,FR_CONSTITUYENTE,2024-02-05 ,""1113,384423"""
"72289,FR_CONSTITUYENTE,2024-02-06 ,""410,949008"""
"72289,FR_CONSTITUYENTE,2024-02-07 ,""328,65332"""
"72291,FR_MARCOS ESCORZA,2024-02-01 ,""596,121589"""
"72291,FR_MARCOS ESCORZA,2024-02-02 ,""527,82609"""
"72291,FR_MARCOS ESCORZA,2024-02-03 ,""580,252022"""
"72291,FR_MARCOS ESCORZA,2024-02-04 ,""364,394011"""
"72291,FR_MARCOS ESCORZA,2024-02-05 ,""672,162845"""
"72291,FR_MARCOS ESCORZA,2024-02-06 ,""713,169942"""
"72291,FR_MARCOS ESCORZA,2024-02-07 ,""736,465989"""
"72293,FR_LA CAMPIÑA,2024-02-01 ,""1249,090636"""
"72293,FR_LA CAMPIÑA,2024-02-02 ,""338,852361"""
"72293,FR_LA CAMPIÑA,2024-02-03 ,""321,642814"""
"72293,FR_LA CAMPIÑA,2024-02-04 ,""105,603907"""
"72293,FR_LA CAMPIÑA,2024-02-05 ,""1064,332249"""
"72293,FR_LA CAMPIÑA,2024-02-06 ,""238,429855"""
"72293,FR_LA CAMPIÑA,2024-02-07 ,""300,64131"""
"72294,FR_ALMA LOJANA,2024-02-01 ,""1067,463829"""
"72294,FR_ALMA LOJANA,2024-02-02 ,""795,015525"""
"72294,FR_ALMA LOJANA,2024-02-03 ,""709,385966"""
"72294,FR_ALMA LOJANA,2024-02-04 ,""775,454796"""
"72294,FR_ALMA LOJANA,2024-02-05 ,""1506,758021"""
"72294,FR_ALMA LOJANA,2024-02-06 ,""545,01776"""
"72294,FR_ALMA LOJANA,2024-02-07 ,""612,145968"""
"72295,FR_COLONIAL,2024-02-01 ,""457,814462"""
"72295,FR_COLONIAL,2024-02-02 ,""448,789451"""
"72295,FR_COLONIAL,2024-02-03 ,""487,48253"""
"72295,FR_COLONIAL,2024-02-04 ,""488,465548"""
"72295,FR_COLONIAL,2024-02-05 ,""434,710356"""
"72295,FR_COLONIAL,2024-02-06 ,""578,202654"""
"72295,FR_COLONIAL,2024-02-07 ,""606,942267"""
"72296,FR_MEDIA LUNA,2024-02-01 ,""568,646659"""
"72296,FR_MEDIA LUNA,2024-02-02 ,""437,147959"""
"72296,FR_MEDIA LUNA,2024-02-03 ,""405,672774"""
"72296,FR_MEDIA LUNA,2024-02-04 ,""497,203393"""
"72296,FR_MEDIA LUNA,2024-02-05 ,""577,005919"""
"72296,FR_MEDIA LUNA,2024-02-06 ,""418,152772"""
"72296,FR_MEDIA LUNA,2024-02-07 ,""458,27022"""
"72297,FR_PRINCESA CORI,2024-02-01 ,""798,762491"""
"72297,FR_PRINCESA CORI,2024-02-02 ,""629,227657"""
"72297,FR_PRINCESA CORI,2024-02-03 ,""448,551023"""
"72297,FR_PRINCESA CORI,2024-02-04 ,""445,033085"""
"72297,FR_PRINCESA CORI,2024-02-05 ,""1037,645447"""
"72297,FR_PRINCESA CORI,2024-02-06 ,""398,142492"""
"72297,FR_PRINCESA CORI,2024-02-07 ,""972,655949"""
"72301,FR_SELVA ALEGRE,2024-02-01 ,""1518,808526"""
"72301,FR_SELVA ALEGRE,2024-02-02 ,""611,348071"""
"72301,FR_SELVA ALEGRE,2024-02-03 ,""887,233548"""
"72301,FR_SELVA ALEGRE,2024-02-04 ,""616,779433"""
"72301,FR_SELVA ALEGRE,2024-02-05 ,""1692,79067"""
"72301,FR_SELVA ALEGRE,2024-02-06 ,""1120,731855"""
"72301,FR_SELVA ALEGRE,2024-02-07 ,""701,492122"""
"72305,FR_LA CONCEPCION,2024-02-01 ,""864,800654"""
"72305,FR_LA CONCEPCION,2024-02-02 ,""349,516695"""
"72305,FR_LA CONCEPCION,2024-02-03 ,""345,217078"""
"72305,FR_LA CONCEPCION,2024-02-04 ,""416,621801"""
"72305,FR_LA CONCEPCION,2024-02-05 ,""758,708656"""
"72305,FR_LA CONCEPCION,2024-02-06 ,""617,76679"""
"72305,FR_LA CONCEPCION,2024-02-07 ,""505,762158"""
"72306,FR_JESUS DE NAZARETH,2024-02-01 ,""250,419082"""
"72306,FR_JESUS DE NAZARETH,2024-02-02 ,""137,615371"""
"72306,FR_JESUS DE NAZARETH,2024-02-03 ,""197,272426"""
"72306,FR_JESUS DE NAZARETH,2024-02-04 ,""175,883736"""
"72306,FR_JESUS DE NAZARETH,2024-02-05 ,""238,11382"""
"72306,FR_JESUS DE NAZARETH,2024-02-06 ,""197,439502"""
"72306,FR_JESUS DE NAZARETH,2024-02-07 ,""158,276675"""
"72309,FR_MONSEÑOR ZAMBRANO 2,2024-02-01 ,""553,358291"""
"72309,FR_MONSEÑOR ZAMBRANO 2,2024-02-02 ,""373,730613"""
"72309,FR_MONSEÑOR ZAMBRANO 2,2024-02-03 ,""461,261504"""
"72309,FR_MONSEÑOR ZAMBRANO 2,2024-02-04 ,""234,514759"""
"72309,FR_MONSEÑOR ZAMBRANO 2,2024-02-05 ,""666,95687"""
"72309,FR_MONSEÑOR ZAMBRANO 2,2024-02-06 ,""378,09861"""
"72309,FR_MONSEÑOR ZAMBRANO 2,2024-02-07 ,""572,455297"""
"72313,FR_PICAIHUA,2024-02-01 ,""356,433715"""
"72313,FR_PICAIHUA,2024-02-02 ,""142,640339"""
"72313,FR_PICAIHUA,2024-02-03 ,""277,103948"""
"72313,FR_PICAIHUA,2024-02-04 ,""368,708436"""
"72313,FR_PICAIHUA,2024-02-05 ,""351,075189"""
"72313,FR_PICAIHUA,2024-02-06 ,""157,190675"""
"72313,FR_PICAIHUA,2024-02-07 ,""127,523981"""
"72314,FR_PINTAG,2024-02-01 ,""721,531805"""
"72314,FR_PINTAG,2024-02-02 ,""571,398818"""
"72314,FR_PINTAG,2024-02-03 ,""727,700812"""
"72314,FR_PINTAG,2024-02-04 ,""264,603684"""
"72314,FR_PINTAG,2024-02-05 ,""884,495493"""
"72314,FR_PINTAG,2024-02-06 ,""405,633726"""
"72314,FR_PINTAG,2024-02-07 ,""488,899295"""
"72316,FR_AGUSTIN MIRANDA,2024-02-01 ,""688,484113"""
"72316,FR_AGUSTIN MIRANDA,2024-02-02 ,""315,766477"""
"72316,FR_AGUSTIN MIRANDA,2024-02-03 ,""521,206988"""
"72316,FR_AGUSTIN MIRANDA,2024-02-04 ,""223,780439"""
"72316,FR_AGUSTIN MIRANDA,2024-02-05 ,""1135,018675"""
"72316,FR_AGUSTIN MIRANDA,2024-02-06 ,""397,259377"""
"72316,FR_AGUSTIN MIRANDA,2024-02-07 ,""703,767602"""
"72318,FR_LLANGARIMA 2,2024-02-01 ,""1476,000296"""
"72318,FR_LLANGARIMA 2,2024-02-02 ,""845,248207"""
"72318,FR_LLANGARIMA 2,2024-02-03 ,""558,275949"""
"72318,FR_LLANGARIMA 2,2024-02-04 ,""431,187074"""
"72318,FR_LLANGARIMA 2,2024-02-05 ,""1331,993657"""
"72318,FR_LLANGARIMA 2,2024-02-06 ,""575,646745"""
"72318,FR_LLANGARIMA 2,2024-02-07 ,""908,914109"""
"72320,FR_LA BASILICA,2024-02-01 ,""1117,102395"""
"72320,FR_LA BASILICA,2024-02-02 ,""683,642916"""
"72320,FR_LA BASILICA,2024-02-03 ,""536,497423"""
"72320,FR_LA BASILICA,2024-02-04 ,""379,778248"""
"72320,FR_LA BASILICA,2024-02-05 ,""1781,304273"""
"72320,FR_LA BASILICA,2024-02-06 ,""541,064701"""
"72320,FR_LA BASILICA,2024-02-07 ,""987,850632"""
"72321,FR_TAMBILLO,2024-02-01 ,""944,845709"""
"72321,FR_TAMBILLO,2024-02-02 ,""854,219442"""
"72321,FR_TAMBILLO,2024-02-03 ,""725,303655"""
"72321,FR_TAMBILLO,2024-02-04 ,""756,561798"""
"72321,FR_TAMBILLO,2024-02-05 ,""1328,745395"""
"72321,FR_TAMBILLO,2024-02-06 ,""1003,949971"""
"72321,FR_TAMBILLO,2024-02-07 ,""871,633528"""
"72322,FR_JUAN CAMACARO,2024-02-01 ,""605,16175"""
"72322,FR_JUAN CAMACARO,2024-02-02 ,""525,358184"""
"72322,FR_JUAN CAMACARO,2024-02-03 ,""336,632584"""
"72322,FR_JUAN CAMACARO,2024-02-04 ,""387,655161"""
"72322,FR_JUAN CAMACARO,2024-02-05 ,""745,99831"""
"72322,FR_JUAN CAMACARO,2024-02-06 ,""436,483098"""
"72322,FR_JUAN CAMACARO,2024-02-07 ,""478,578296"""
"72323,FR_VILLAZAM,2024-02-01 ,""881,297813"""
"72323,FR_VILLAZAM,2024-02-02 ,""468,473786"""
"72323,FR_VILLAZAM,2024-02-03 ,""335,111517"""
"72323,FR_VILLAZAM,2024-02-04 ,""246,326961"""
"72323,FR_VILLAZAM,2024-02-05 ,""782,978218"""
"72323,FR_VILLAZAM,2024-02-06 ,""556,766499"""
"72323,FR_VILLAZAM,2024-02-07 ,""462,396796"""
"72332,FR_LA BRETAÑA,2024-02-01 ,""1291,032154"""
"72332,FR_LA BRETAÑA,2024-02-02 ,""1001,464856"""
"72332,FR_LA BRETAÑA,2024-02-03 ,""800,62549"""
"72332,FR_LA BRETAÑA,2024-02-04 ,""808,104932"""
"72332,FR_LA BRETAÑA,2024-02-05 ,""1597,562945"""
"72332,FR_LA BRETAÑA,2024-02-06 ,""764,967635"""
"72332,FR_LA BRETAÑA,2024-02-07 ,""858,869002"""
"72333,FR_RODRIGUEZ ZAMBRANO,2024-02-01 ,""787,672631"""
"72333,FR_RODRIGUEZ ZAMBRANO,2024-02-02 ,""330,820036"""
"72333,FR_RODRIGUEZ ZAMBRANO,2024-02-03 ,""213,752257"""
"72333,FR_RODRIGUEZ ZAMBRANO,2024-02-04 ,""102,196861"""
"72333,FR_RODRIGUEZ ZAMBRANO,2024-02-05 ,""296,158337"""
"72333,FR_RODRIGUEZ ZAMBRANO,2024-02-06 ,""320,163113"""
"72333,FR_RODRIGUEZ ZAMBRANO,2024-02-07 ,""240,388069"""
"72335,FR_LLANO GRANDE 2,2024-02-01 ,""669,205048"""
"72335,FR_LLANO GRANDE 2,2024-02-02 ,""343,25842"""
"72335,FR_LLANO GRANDE 2,2024-02-03 ,""312,435937"""
"72335,FR_LLANO GRANDE 2,2024-02-04 ,""312,59896"""
"72335,FR_LLANO GRANDE 2,2024-02-05 ,""777,404766"""
"72335,FR_LLANO GRANDE 2,2024-02-06 ,""536,818959"""
"72335,FR_LLANO GRANDE 2,2024-02-07 ,""292,219878"""
"72340,FR_ARGELIA,2024-02-01 ,""866,186453"""
"72340,FR_ARGELIA,2024-02-02 ,""534,026088"""
"72340,FR_ARGELIA,2024-02-03 ,""539,391773"""
"72340,FR_ARGELIA,2024-02-04 ,""404,289701"""
"72340,FR_ARGELIA,2024-02-05 ,""820,509434"""
"72340,FR_ARGELIA,2024-02-06 ,""694,415264"""
"72340,FR_ARGELIA,2024-02-07 ,""640,221894"""
"72341,FR_RIO CORRIENTES,2024-02-01 ,""541,815571"""
"72341,FR_RIO CORRIENTES,2024-02-02 ,""607,029504"""
"72341,FR_RIO CORRIENTES,2024-02-03 ,""350,880139"""
"72341,FR_RIO CORRIENTES,2024-02-04 ,""483,435612"""
"72341,FR_RIO CORRIENTES,2024-02-05 ,""703,049817"""
"72341,FR_RIO CORRIENTES,2024-02-06 ,""328,966779"""
"72341,FR_RIO CORRIENTES,2024-02-07 ,""285,150983"""
"72350,FR_SYLVANA 2,2024-02-01 ,""1001,059716"""
"72350,FR_SYLVANA 2,2024-02-02 ,""629,980036"""
"72350,FR_SYLVANA 2,2024-02-03 ,""609,233506"""
"72350,FR_SYLVANA 2,2024-02-04 ,""544,375635"""
"72350,FR_SYLVANA 2,2024-02-05 ,""1066,987804"""
"72350,FR_SYLVANA 2,2024-02-06 ,""1072,433173"""
"72350,FR_SYLVANA 2,2024-02-07 ,""601,536324"""
"72354,FR_TERMINAL GUAMANI,2024-02-01 ,""726,798579"""
"72354,FR_TERMINAL GUAMANI,2024-02-02 ,""734,973924"""
"72354,FR_TERMINAL GUAMANI,2024-02-03 ,""413,858313"""
"72354,FR_TERMINAL GUAMANI,2024-02-04 ,""488,719921"""
"72354,FR_TERMINAL GUAMANI,2024-02-05 ,""712,598427"""
"72354,FR_TERMINAL GUAMANI,2024-02-06 ,""502,32579"""
"72354,FR_TERMINAL GUAMANI,2024-02-07 ,""571,361473"""
"72362,FR_PARQUE MALDONADO,2024-02-01 ,""1190,62052"""
"72362,FR_PARQUE MALDONADO,2024-02-02 ,""538,789151"""
"72362,FR_PARQUE MALDONADO,2024-02-03 ,""547,504013"""
"72362,FR_PARQUE MALDONADO,2024-02-05 ,""1487,174704"""
"72362,FR_PARQUE MALDONADO,2024-02-06 ,""946,438142"""
"72362,FR_PARQUE MALDONADO,2024-02-07 ,""614,911533"""
"72363,FR_PINLLOPATA,2024-02-01 ,""1251,638011"""
"72363,FR_PINLLOPATA,2024-02-02 ,""619,033632"""
"72363,FR_PINLLOPATA,2024-02-03 ,""540,342188"""
"72363,FR_PINLLOPATA,2024-02-04 ,""549,167258"""
"72363,FR_PINLLOPATA,2024-02-05 ,""1940,721351"""
"72363,FR_PINLLOPATA,2024-02-06 ,""963,153728"""
"72363,FR_PINLLOPATA,2024-02-07 ,""797,961896"""
"72364,FR_MARIETTA DE VEINTIMILLA,2024-02-01 ,""1159,426381"""
"72364,FR_MARIETTA DE VEINTIMILLA,2024-02-02 ,""867,387615"""
"72364,FR_MARIETTA DE VEINTIMILLA,2024-02-03 ,""481,635904"""
"72364,FR_MARIETTA DE VEINTIMILLA,2024-02-04 ,""566,185773"""
"72364,FR_MARIETTA DE VEINTIMILLA,2024-02-05 ,""1870,334244"""
"72364,FR_MARIETTA DE VEINTIMILLA,2024-02-06 ,""831,473179"""
"72364,FR_MARIETTA DE VEINTIMILLA,2024-02-07 ,""832,613677"""
"72368,FR_LA LOMITA,2024-02-01 ,""1260,692793"""
"72368,FR_LA LOMITA,2024-02-02 ,""795,080737"""
"72368,FR_LA LOMITA,2024-02-03 ,""564,706847"""
"72368,FR_LA LOMITA,2024-02-04 ,""574,036775"""
"72368,FR_LA LOMITA,2024-02-05 ,""1740,323672"""
"72368,FR_LA LOMITA,2024-02-06 ,""682,67405"""
"72368,FR_LA LOMITA,2024-02-07 ,""503,269797"""
"72374,FR_REPUBLICA DOMINICANA,2024-02-01 ,""925,097385"""
"72374,FR_REPUBLICA DOMINICANA,2024-02-02 ,""568,270625"""
"72374,FR_REPUBLICA DOMINICANA,2024-02-03 ,""430,152098"""
"72374,FR_REPUBLICA DOMINICANA,2024-02-04 ,""650,508973"""
"72374,FR_REPUBLICA DOMINICANA,2024-02-05 ,""993,252336"""
"72374,FR_REPUBLICA DOMINICANA,2024-02-06 ,""521,510989"""
"72374,FR_REPUBLICA DOMINICANA,2024-02-07 ,""419,16267"""
"72375,FR_NUEVO DAULE,2024-02-01 ,""1963,130902"""
"72375,FR_NUEVO DAULE,2024-02-02 ,""856,124989"""
"72375,FR_NUEVO DAULE,2024-02-03 ,""851,461451"""
"72375,FR_NUEVO DAULE,2024-02-04 ,""852,498856"""
"72375,FR_NUEVO DAULE,2024-02-05 ,""2378,660339"""
"72375,FR_NUEVO DAULE,2024-02-06 ,""1112,24947"""
"72375,FR_NUEVO DAULE,2024-02-07 ,""1418,590812"""
"72378,FR_PALLATANGA,2024-02-01 ,""751,933458"""
"72378,FR_PALLATANGA,2024-02-02 ,""720,13923"""
"72378,FR_PALLATANGA,2024-02-03 ,""630,556947"""
"72378,FR_PALLATANGA,2024-02-04 ,""1534,151456"""
"72378,FR_PALLATANGA,2024-02-05 ,""1325,946565"""
"72378,FR_PALLATANGA,2024-02-06 ,""669,962007"""
"72378,FR_PALLATANGA,2024-02-07 ,""688,021851"""
"72380,FR_SAN ANTONIO,2024-02-01 ,""611,178065"""
"72380,FR_SAN ANTONIO,2024-02-02 ,""389,897858"""
"72380,FR_SAN ANTONIO,2024-02-03 ,""407,33336"""
"72380,FR_SAN ANTONIO,2024-02-04 ,""271,026626"""
"72380,FR_SAN ANTONIO,2024-02-05 ,""553,056782"""
"72380,FR_SAN ANTONIO,2024-02-06 ,""411,483684"""
"72380,FR_SAN ANTONIO,2024-02-07 ,""534,41882"""
"72381,FR_PARQUE CIVICO,2024-02-01 ,""841,148382"""
"72381,FR_PARQUE CIVICO,2024-02-02 ,""384,321092"""
"72381,FR_PARQUE CIVICO,2024-02-03 ,""420,158194"""
"72381,FR_PARQUE CIVICO,2024-02-04 ,""591,653803"""
"72381,FR_PARQUE CIVICO,2024-02-05 ,""465,036325"""
"72381,FR_PARQUE CIVICO,2024-02-06 ,""392,889979"""
"72381,FR_PARQUE CIVICO,2024-02-07 ,""433,618909"""
"72382,FR_JORGE VILLACRES MOSCOSO,2024-02-01 ,""581,001873"""
"72382,FR_JORGE VILLACRES MOSCOSO,2024-02-02 ,""445,051192"""
"72382,FR_JORGE VILLACRES MOSCOSO,2024-02-03 ,""319,745815"""
"72382,FR_JORGE VILLACRES MOSCOSO,2024-02-05 ,""462,973238"""
"72382,FR_JORGE VILLACRES MOSCOSO,2024-02-06 ,""276,774065"""
"72382,FR_JORGE VILLACRES MOSCOSO,2024-02-07 ,""349,482718"""
"72383,FR_MERCADO CENTRAL DE BALZAR,2024-02-01 ,""988,018681"""
"72383,FR_MERCADO CENTRAL DE BALZAR,2024-02-02 ,""616,58"""
"72383,FR_MERCADO CENTRAL DE BALZAR,2024-02-03 ,""513,541651"""
"72383,FR_MERCADO CENTRAL DE BALZAR,2024-02-04 ,""598,911559"""
"72383,FR_MERCADO CENTRAL DE BALZAR,2024-02-05 ,""967,393518"""
"72383,FR_MERCADO CENTRAL DE BALZAR,2024-02-06 ,""617,158074"""
"72383,FR_MERCADO CENTRAL DE BALZAR,2024-02-07 ,""444,40437"""
"72387,FR_CELSO RODRIGUEZ,2024-02-01 ,""1204,261388"""
"72387,FR_CELSO RODRIGUEZ,2024-02-02 ,""434,090976"""
"72387,FR_CELSO RODRIGUEZ,2024-02-03 ,""886,190685"""
"72387,FR_CELSO RODRIGUEZ,2024-02-04 ,""1079,153284"""
"72387,FR_CELSO RODRIGUEZ,2024-02-05 ,""1234,436344"""
"72387,FR_CELSO RODRIGUEZ,2024-02-06 ,""708,061515"""
"72387,FR_CELSO RODRIGUEZ,2024-02-07 ,""902,770635"""
"72388,FR_RIO CHINCHIPE,2024-02-01 ,""1029,491139"""
"72388,FR_RIO CHINCHIPE,2024-02-02 ,""214,936286"""
"72388,FR_RIO CHINCHIPE,2024-02-03 ,""326,375521"""
"72388,FR_RIO CHINCHIPE,2024-02-04 ,""226,275628"""
"72388,FR_RIO CHINCHIPE,2024-02-05 ,""702,457225"""
"72388,FR_RIO CHINCHIPE,2024-02-06 ,""296,475694"""
"72388,FR_RIO CHINCHIPE,2024-02-07 ,""320,440514"""
"72389,FR_LEONIDAS PROAÑO,2024-02-01 ,""332,226952"""
"72389,FR_LEONIDAS PROAÑO,2024-02-02 ,""251,157196"""
"72389,FR_LEONIDAS PROAÑO,2024-02-03 ,""422,93393"""
"72389,FR_LEONIDAS PROAÑO,2024-02-04 ,""256,34801"""
"72389,FR_LEONIDAS PROAÑO,2024-02-05 ,""535,921146"""
"72389,FR_LEONIDAS PROAÑO,2024-02-06 ,""371,842871"""
"72389,FR_LEONIDAS PROAÑO,2024-02-07 ,""225,561995"""
"72390,FR_PEDRO MENDOZA,2024-02-01 ,""936,207776"""
"72390,FR_PEDRO MENDOZA,2024-02-02 ,""672,494787"""
"72390,FR_PEDRO MENDOZA,2024-02-03 ,""406,048865"""
"72390,FR_PEDRO MENDOZA,2024-02-04 ,""562,855199"""
"72390,FR_PEDRO MENDOZA,2024-02-05 ,""1598,243862"""
"72390,FR_PEDRO MENDOZA,2024-02-06 ,""410,133709"""
"72390,FR_PEDRO MENDOZA,2024-02-07 ,""621,455636"""
"72391,FR_ATUCUCHO,2024-02-01 ,""798,165816"""
"72391,FR_ATUCUCHO,2024-02-02 ,""441,565111"""
"72391,FR_ATUCUCHO,2024-02-03 ,""430,152666"""
"72391,FR_ATUCUCHO,2024-02-04 ,""525,867167"""
"72391,FR_ATUCUCHO,2024-02-05 ,""562,560429"""
"72391,FR_ATUCUCHO,2024-02-06 ,""704,256294"""
"72391,FR_ATUCUCHO,2024-02-07 ,""473,533764"""
"72397,FR_LA ARCADIA 2,2024-02-01 ,""744,56562"""
"72397,FR_LA ARCADIA 2,2024-02-02 ,""533,22533"""
"72397,FR_LA ARCADIA 2,2024-02-03 ,""502,373628"""
"72397,FR_LA ARCADIA 2,2024-02-04 ,""518,276189"""
"72397,FR_LA ARCADIA 2,2024-02-05 ,""817,823994"""
"72397,FR_LA ARCADIA 2,2024-02-06 ,""650,027757"""
"72397,FR_LA ARCADIA 2,2024-02-07 ,""842,555327"""
"72398,FR_HOSPITAL SAGRADO CORAZON DE JESUS,2024-02-01 ,""593,499047"""
"72398,FR_HOSPITAL SAGRADO CORAZON DE JESUS,2024-02-02 ,""401,435845"""
"72398,FR_HOSPITAL SAGRADO CORAZON DE JESUS,2024-02-03 ,""324,155755"""
"72398,FR_HOSPITAL SAGRADO CORAZON DE JESUS,2024-02-04 ,""60,71963"""
"72398,FR_HOSPITAL SAGRADO CORAZON DE JESUS,2024-02-05 ,""504,709662"""
"72398,FR_HOSPITAL SAGRADO CORAZON DE JESUS,2024-02-06 ,""408,844573"""
"72398,FR_HOSPITAL SAGRADO CORAZON DE JESUS,2024-02-07 ,""719,515661"""
"72399,FR_REDONDEL RANCHO BAJO,2024-02-01 ,""997,85899"""
"72399,FR_REDONDEL RANCHO BAJO,2024-02-02 ,""393,894932"""
"72399,FR_REDONDEL RANCHO BAJO,2024-02-03 ,""661,662295"""
"72399,FR_REDONDEL RANCHO BAJO,2024-02-04 ,""556,159582"""
"72399,FR_REDONDEL RANCHO BAJO,2024-02-05 ,""782,785069"""
"72399,FR_REDONDEL RANCHO BAJO,2024-02-06 ,""613,218854"""
"72399,FR_REDONDEL RANCHO BAJO,2024-02-07 ,""424,989118"""
"72404,FR_FRANCISCO MATIS,2024-02-01 ,""893,862685"""
"72404,FR_FRANCISCO MATIS,2024-02-02 ,""530,018836"""
"72404,FR_FRANCISCO MATIS,2024-02-03 ,""843,069278"""
"72404,FR_FRANCISCO MATIS,2024-02-04 ,""448,965307"""
"72404,FR_FRANCISCO MATIS,2024-02-05 ,""907,986642"""
"72404,FR_FRANCISCO MATIS,2024-02-06 ,""756,006952"""
"72404,FR_FRANCISCO MATIS,2024-02-07 ,""580,609892"""
"72405,FR_SAN SILVESTRE,2024-02-01 ,""426,489947"""
"72405,FR_SAN SILVESTRE,2024-02-02 ,""387,463464"""
"72405,FR_SAN SILVESTRE,2024-02-03 ,""433,878381"""
"72405,FR_SAN SILVESTRE,2024-02-04 ,""461,351066"""
"72405,FR_SAN SILVESTRE,2024-02-05 ,""445,271818"""
"72405,FR_SAN SILVESTRE,2024-02-06 ,""597,99265"""
"72405,FR_SAN SILVESTRE,2024-02-07 ,""449,056888"""
"72406,FR_SAMBORONDON PUEBLO,2024-02-01 ,""638,245962"""
"72406,FR_SAMBORONDON PUEBLO,2024-02-02 ,""579,530926"""
"72406,FR_SAMBORONDON PUEBLO,2024-02-03 ,""541,057491"""
"72406,FR_SAMBORONDON PUEBLO,2024-02-04 ,""641,46833"""
"72406,FR_SAMBORONDON PUEBLO,2024-02-05 ,""920,018376"""
"72406,FR_SAMBORONDON PUEBLO,2024-02-06 ,""690,134183"""
"72406,FR_SAMBORONDON PUEBLO,2024-02-07 ,""490,275963"""
"72408,FR_LA PROPICIA 2,2024-02-01 ,""1039,105971"""
"72408,FR_LA PROPICIA 2,2024-02-02 ,""634,497684"""
"72408,FR_LA PROPICIA 2,2024-02-03 ,""386,403084"""
"72408,FR_LA PROPICIA 2,2024-02-04 ,""344,574863"""
"72408,FR_LA PROPICIA 2,2024-02-05 ,""832,553007"""
"72408,FR_LA PROPICIA 2,2024-02-06 ,""478,20348"""
"72408,FR_LA PROPICIA 2,2024-02-07 ,""602,373313"""
"72414,FR_MIGUEL MEDINA,2024-02-01 ,""962,730174"""
"72414,FR_MIGUEL MEDINA,2024-02-02 ,""685,196027"""
"72414,FR_MIGUEL MEDINA,2024-02-03 ,""539,700652"""
"72414,FR_MIGUEL MEDINA,2024-02-04 ,""534,544952"""
"72414,FR_MIGUEL MEDINA,2024-02-05 ,""777,142692"""
"72414,FR_MIGUEL MEDINA,2024-02-06 ,""419,642923"""
"72414,FR_MIGUEL MEDINA,2024-02-07 ,""641,705537"""
"72415,FR_EL EDEN,2024-02-01 ,""661,52702"""
"72415,FR_EL EDEN,2024-02-02 ,""373,571807"""
"72415,FR_EL EDEN,2024-02-03 ,""376,401841"""
"72415,FR_EL EDEN,2024-02-04 ,""379,585462"""
"72415,FR_EL EDEN,2024-02-05 ,""1271,135745"""
"72415,FR_EL EDEN,2024-02-06 ,""552,991982"""
"72415,FR_EL EDEN,2024-02-07 ,""493,247297"""
"72418,FR_MENA DEL HIERRO,2024-02-01 ,""866,291056"""
"72418,FR_MENA DEL HIERRO,2024-02-02 ,""907,674317"""
"72418,FR_MENA DEL HIERRO,2024-02-03 ,""663,288735"""
"72418,FR_MENA DEL HIERRO,2024-02-04 ,""328,199647"""
"72418,FR_MENA DEL HIERRO,2024-02-05 ,""828,040949"""
"72418,FR_MENA DEL HIERRO,2024-02-06 ,""521,649765"""
"72418,FR_MENA DEL HIERRO,2024-02-07 ,""508,436261"""
"72419,FR_ALANGASI,2024-02-01 ,""1082,240953"""
"72419,FR_ALANGASI,2024-02-02 ,""876,003635"""
"72419,FR_ALANGASI,2024-02-03 ,""1012,26883"""
"72419,FR_ALANGASI,2024-02-04 ,""979,669126"""
"72419,FR_ALANGASI,2024-02-05 ,""1502,841842"""
"72419,FR_ALANGASI,2024-02-06 ,""1020,194163"""
"72419,FR_ALANGASI,2024-02-07 ,""950,785719"""
"72424,FR_CARDENAL DE LA TORRE,2024-02-01 ,""1100,46"""
"72424,FR_CARDENAL DE LA TORRE,2024-02-02 ,""847,568687"""
"72424,FR_CARDENAL DE LA TORRE,2024-02-03 ,""318,521277"""
"72424,FR_CARDENAL DE LA TORRE,2024-02-04 ,""467,115248"""
"72424,FR_CARDENAL DE LA TORRE,2024-02-05 ,""767,424284"""
"72424,FR_CARDENAL DE LA TORRE,2024-02-06 ,""598,327065"""
"72424,FR_CARDENAL DE LA TORRE,2024-02-07 ,""383,427394"""
"72427,FR_HIERBA BUENA,2024-02-01 ,""653,395825"""
"72427,FR_HIERBA BUENA,2024-02-02 ,""401,366207"""
"72427,FR_HIERBA BUENA,2024-02-03 ,""312,568878"""
"72427,FR_HIERBA BUENA,2024-02-04 ,""520,124634"""
"72427,FR_HIERBA BUENA,2024-02-05 ,""603,285859"""
"72427,FR_HIERBA BUENA,2024-02-06 ,""314,971068"""
"72427,FR_HIERBA BUENA,2024-02-07 ,""434,260102"""
"72428,FR_PLAZA LIBERTAD,2024-02-01 ,""419,918414"""
"72428,FR_PLAZA LIBERTAD,2024-02-02 ,""399,059221"""
"72428,FR_PLAZA LIBERTAD,2024-02-03 ,""291,766206"""
"72428,FR_PLAZA LIBERTAD,2024-02-04 ,""366,578804"""
"72428,FR_PLAZA LIBERTAD,2024-02-05 ,""667,905004"""
"72428,FR_PLAZA LIBERTAD,2024-02-06 ,""386,861263"""
"72428,FR_PLAZA LIBERTAD,2024-02-07 ,""291,685902"""
"72429,FR_PUENTE 9,2024-02-01 ,""925,606463"""
"72429,FR_PUENTE 9,2024-02-02 ,""537,484229"""
"72429,FR_PUENTE 9,2024-02-03 ,""473,819826"""
"72429,FR_PUENTE 9,2024-02-04 ,""433,969511"""
"72429,FR_PUENTE 9,2024-02-05 ,""1291,756937"""
"72429,FR_PUENTE 9,2024-02-06 ,""978,228722"""
"72429,FR_PUENTE 9,2024-02-07 ,""755,530984"""
"72436,FR_EL CORAZON,2024-02-01 ,""767,057819"""
"72436,FR_EL CORAZON,2024-02-02 ,""397,929895"""
"72436,FR_EL CORAZON,2024-02-03 ,""466,160669"""
"72436,FR_EL CORAZON,2024-02-04 ,""204,397973"""
"72436,FR_EL CORAZON,2024-02-05 ,""903,619338"""
"72436,FR_EL CORAZON,2024-02-06 ,""481,038151"""
"72436,FR_EL CORAZON,2024-02-07 ,""555,586048"""
"72444,FR_LA TOLITA,2024-02-01 ,""818,55182"""
"72444,FR_LA TOLITA,2024-02-02 ,""418,929477"""
"72444,FR_LA TOLITA,2024-02-03 ,""437,093095"""
"72444,FR_LA TOLITA,2024-02-04 ,""230,795639"""
"72444,FR_LA TOLITA,2024-02-05 ,""829,810473"""
"72444,FR_LA TOLITA,2024-02-06 ,""595,073968"""
"72444,FR_LA TOLITA,2024-02-07 ,""545,529786"""
"72450,FR_ ARCANGEL MIGUEL,2024-02-01 ,""1309,075926"""
"72450,FR_ ARCANGEL MIGUEL,2024-02-02 ,""894,814827"""
"72450,FR_ ARCANGEL MIGUEL,2024-02-03 ,""466,24039"""
"72450,FR_ ARCANGEL MIGUEL,2024-02-04 ,""782,280552"""
"72450,FR_ ARCANGEL MIGUEL,2024-02-05 ,""1525,952901"""
"72450,FR_ ARCANGEL MIGUEL,2024-02-06 ,""934,846815"""
"72450,FR_ ARCANGEL MIGUEL,2024-02-07 ,""761,588954"""
"72451,FR_SAN JUAN DE CUMBAYA,2024-02-01 ,""409,642924"""
"72451,FR_SAN JUAN DE CUMBAYA,2024-02-02 ,""123,219193"""
"72451,FR_SAN JUAN DE CUMBAYA,2024-02-03 ,""188,819165"""
"72451,FR_SAN JUAN DE CUMBAYA,2024-02-04 ,""168,291928"""
"72451,FR_SAN JUAN DE CUMBAYA,2024-02-05 ,""726,661453"""
"72451,FR_SAN JUAN DE CUMBAYA,2024-02-06 ,""154,026818"""
"72451,FR_SAN JUAN DE CUMBAYA,2024-02-07 ,""191,366546"""
"72454,FR_JOSE DE OROZCO,2024-02-01 ,""720,770942"""
"72454,FR_JOSE DE OROZCO,2024-02-02 ,""224,373389"""
"72454,FR_JOSE DE OROZCO,2024-02-03 ,""310,1332"""
"72454,FR_JOSE DE OROZCO,2024-02-04 ,""37,630303"""
"72454,FR_JOSE DE OROZCO,2024-02-05 ,""743,252623"""
"72454,FR_JOSE DE OROZCO,2024-02-06 ,""292,928998"""
"72454,FR_JOSE DE OROZCO,2024-02-07 ,""275,001799"""
"72455,FR_PLAZA DAVALOS,2024-02-01 ,""1206,015029"""
"72455,FR_PLAZA DAVALOS,2024-02-02 ,""463,377863"""
"72455,FR_PLAZA DAVALOS,2024-02-03 ,""572,615191"""
"72455,FR_PLAZA DAVALOS,2024-02-04 ,""509,930394"""
"72455,FR_PLAZA DAVALOS,2024-02-05 ,""1229,502779"""
"72455,FR_PLAZA DAVALOS,2024-02-06 ,""667,359105"""
"72455,FR_PLAZA DAVALOS,2024-02-07 ,""790,461299"""
"72458,FR_DAMMER 2,2024-02-01 ,""710,551933"""
"72458,FR_DAMMER 2,2024-02-02 ,""266,410304"""
"72458,FR_DAMMER 2,2024-02-03 ,""443,974311"""
"72458,FR_DAMMER 2,2024-02-04 ,""353,965229"""
"72458,FR_DAMMER 2,2024-02-05 ,""717,067348"""
"72458,FR_DAMMER 2,2024-02-06 ,""289,593632"""
"72458,FR_DAMMER 2,2024-02-07 ,""328,539503"""
"72459,FR_DEL VALLE 2,2024-02-01 ,""1035,510936"""
"72459,FR_DEL VALLE 2,2024-02-02 ,""258,688708"""
"72459,FR_DEL VALLE 2,2024-02-03 ,""373,043645"""
"72459,FR_DEL VALLE 2,2024-02-04 ,""485,940275"""
"72459,FR_DEL VALLE 2,2024-02-05 ,""1092,38781"""
"72459,FR_DEL VALLE 2,2024-02-06 ,""784,558422"""
"72459,FR_DEL VALLE 2,2024-02-07 ,""706,402965"""
"72460,FR_PRINCESA TOA 2,2024-02-01 ,""436,361353"""
"72460,FR_PRINCESA TOA 2,2024-02-02 ,""564,209309"""
"72460,FR_PRINCESA TOA 2,2024-02-03 ,""333,865699"""
"72460,FR_PRINCESA TOA 2,2024-02-04 ,""296,685375"""
"72460,FR_PRINCESA TOA 2,2024-02-05 ,""824,861622"""
"72460,FR_PRINCESA TOA 2,2024-02-06 ,""409,862617"""
"72460,FR_PRINCESA TOA 2,2024-02-07 ,""337,560005"""
"72461,FR_USHIMANA,2024-02-01 ,""822,025438"""
"72461,FR_USHIMANA,2024-02-02 ,""407,940643"""
"72461,FR_USHIMANA,2024-02-03 ,""577,361827"""
"72461,FR_USHIMANA,2024-02-04 ,""606,508037"""
"72461,FR_USHIMANA,2024-02-05 ,""932,706847"""
"72461,FR_USHIMANA,2024-02-06 ,""637,495776"""
"72461,FR_USHIMANA,2024-02-07 ,""416,963365"""
"72471,FR_EL ANGEL CARCHI,2024-02-01 ,""874,383073"""
"72471,FR_EL ANGEL CARCHI,2024-02-02 ,""479,712791"""
"72471,FR_EL ANGEL CARCHI,2024-02-03 ,""408,049324"""
"72471,FR_EL ANGEL CARCHI,2024-02-04 ,""306,749567"""
"72471,FR_EL ANGEL CARCHI,2024-02-05 ,""1058,8552"""
"72471,FR_EL ANGEL CARCHI,2024-02-06 ,""812,898182"""
"72471,FR_EL ANGEL CARCHI,2024-02-07 ,""761,514608"""
"72472,FR_SYLVANA 1,2024-02-01 ,""2791,373887"""
"72472,FR_SYLVANA 1,2024-02-02 ,""567,577612"""
"72472,FR_SYLVANA 1,2024-02-03 ,""681,135315"""
"72472,FR_SYLVANA 1,2024-02-04 ,""473,655218"""
"72472,FR_SYLVANA 1,2024-02-05 ,""1015,471248"""
"72472,FR_SYLVANA 1,2024-02-06 ,""850,71111"""
"72472,FR_SYLVANA 1,2024-02-07 ,""706,195358"""
"72474,FR_CENTRO LATACUNGA,2024-02-01 ,""418,081527"""
"72474,FR_CENTRO LATACUNGA,2024-02-02 ,""232,121681"""
"72474,FR_CENTRO LATACUNGA,2024-02-03 ,""409,974599"""
"72474,FR_CENTRO LATACUNGA,2024-02-04 ,""259,715866"""
"72474,FR_CENTRO LATACUNGA,2024-02-05 ,""511,041207"""
"72474,FR_CENTRO LATACUNGA,2024-02-06 ,""405,751717"""
"72474,FR_CENTRO LATACUNGA,2024-02-07 ,""396,92348"""
"72477,FR_MERCADO SAN ALFONSO,2024-02-01 ,""616,684939"""
"72477,FR_MERCADO SAN ALFONSO,2024-02-02 ,""269,564977"""
"72477,FR_MERCADO SAN ALFONSO,2024-02-03 ,""396,607053"""
"72477,FR_MERCADO SAN ALFONSO,2024-02-04 ,""293,139155"""
"72477,FR_MERCADO SAN ALFONSO,2024-02-05 ,""917,765834"""
"72477,FR_MERCADO SAN ALFONSO,2024-02-06 ,""428,668192"""
"72477,FR_MERCADO SAN ALFONSO,2024-02-07 ,""372,868685"""
"72481,FR_MIRADOR SAN JUAN 2,2024-02-01 ,""687,231591"""
"72481,FR_MIRADOR SAN JUAN 2,2024-02-02 ,""380,560546"""
"72481,FR_MIRADOR SAN JUAN 2,2024-02-03 ,""412,055292"""
"72481,FR_MIRADOR SAN JUAN 2,2024-02-04 ,""380,220421"""
"72481,FR_MIRADOR SAN JUAN 2,2024-02-05 ,""610,427274"""
"72481,FR_MIRADOR SAN JUAN 2,2024-02-06 ,""432,073515"""
"72481,FR_MIRADOR SAN JUAN 2,2024-02-07 ,""238,940471"""
"72485,FR_SANTO TOMAS 2,2024-02-01 ,""916,563799"""
"72485,FR_SANTO TOMAS 2,2024-02-02 ,""478,324513"""
"72485,FR_SANTO TOMAS 2,2024-02-03 ,""525,537874"""
"72485,FR_SANTO TOMAS 2,2024-02-04 ,""712,685047"""
"72485,FR_SANTO TOMAS 2,2024-02-05 ,""854,821376"""
"72485,FR_SANTO TOMAS 2,2024-02-06 ,""760,367459"""
"72485,FR_SANTO TOMAS 2,2024-02-07 ,""1142,581525"""
"72486,FR_CENTRO SANTA ELENA,2024-02-01 ,""269,515737"""
"72486,FR_CENTRO SANTA ELENA,2024-02-02 ,""227,132907"""
"72486,FR_CENTRO SANTA ELENA,2024-02-03 ,""308,812847"""
"72486,FR_CENTRO SANTA ELENA,2024-02-04 ,""209,745111"""
"72486,FR_CENTRO SANTA ELENA,2024-02-05 ,""352,155577"""
"72486,FR_CENTRO SANTA ELENA,2024-02-06 ,""228,038356"""
"72486,FR_CENTRO SANTA ELENA,2024-02-07 ,""307,869755"""
"72487,FR_TAMIA QUITUMBE,2024-02-01 ,""1265,064673"""
"72487,FR_TAMIA QUITUMBE,2024-02-02 ,""767,119905"""
"72487,FR_TAMIA QUITUMBE,2024-02-03 ,""585,985548"""
"72487,FR_TAMIA QUITUMBE,2024-02-04 ,""898,922404"""
"72487,FR_TAMIA QUITUMBE,2024-02-05 ,""1101,152316"""
"72487,FR_TAMIA QUITUMBE,2024-02-06 ,""1441,685582"""
"72487,FR_TAMIA QUITUMBE,2024-02-07 ,""595,508343"""
"72488,FR_NOGALES 2,2024-02-01 ,""1020,869582"""
"72488,FR_NOGALES 2,2024-02-02 ,""431,812545"""
"72488,FR_NOGALES 2,2024-02-03 ,""785,117457"""
"72488,FR_NOGALES 2,2024-02-04 ,""582,516012"""
"72488,FR_NOGALES 2,2024-02-05 ,""853,422419"""
"72488,FR_NOGALES 2,2024-02-06 ,""631,152852"""
"72488,FR_NOGALES 2,2024-02-07 ,""590,254695"""
"72490,FR_ANTONIO CLAVIJO 2,2024-02-01 ,""580,111421"""
"72490,FR_ANTONIO CLAVIJO 2,2024-02-02 ,""349,486142"""
"72490,FR_ANTONIO CLAVIJO 2,2024-02-03 ,""589,928552"""
"72490,FR_ANTONIO CLAVIJO 2,2024-02-04 ,""238,839615"""
"72490,FR_ANTONIO CLAVIJO 2,2024-02-05 ,""879,006882"""
"72490,FR_ANTONIO CLAVIJO 2,2024-02-06 ,""503,020457"""
"72490,FR_ANTONIO CLAVIJO 2,2024-02-07 ,""422,084791"""
"72491,FR_RIO CURARAY 2,2024-02-01 ,""869,09584"""
"72491,FR_RIO CURARAY 2,2024-02-02 ,""622,544033"""
"72491,FR_RIO CURARAY 2,2024-02-03 ,""801,465713"""
"72491,FR_RIO CURARAY 2,2024-02-04 ,""826,956515"""
"72491,FR_RIO CURARAY 2,2024-02-05 ,""848,093614"""
"72491,FR_RIO CURARAY 2,2024-02-06 ,""829,463584"""
"72491,FR_RIO CURARAY 2,2024-02-07 ,""817,054142"""
"72492,FR_GRAN AKI CAYAMBE,2024-02-01 ,""1205,349372"""
"72492,FR_GRAN AKI CAYAMBE,2024-02-02 ,""560,590112"""
"72492,FR_GRAN AKI CAYAMBE,2024-02-03 ,""635,228277"""
"72492,FR_GRAN AKI CAYAMBE,2024-02-04 ,""973,046058"""
"72492,FR_GRAN AKI CAYAMBE,2024-02-05 ,""1035,43852"""
"72492,FR_GRAN AKI CAYAMBE,2024-02-06 ,""790,698671"""
"72492,FR_GRAN AKI CAYAMBE,2024-02-07 ,""777,101408"""
"72496,FR_GUAMANI ALTO 2,2024-02-01 ,""635,175355"""
"72496,FR_GUAMANI ALTO 2,2024-02-02 ,""440,340572"""
"72496,FR_GUAMANI ALTO 2,2024-02-03 ,""599,252958"""
"72496,FR_GUAMANI ALTO 2,2024-02-04 ,""523,60255"""
"72496,FR_GUAMANI ALTO 2,2024-02-05 ,""660,749256"""
"72496,FR_GUAMANI ALTO 2,2024-02-06 ,""359,524651"""
"72496,FR_GUAMANI ALTO 2,2024-02-07 ,""615,634722"""
"72497,FR_SAN GABRIEL,2024-02-01 ,""769,769886"""
"72497,FR_SAN GABRIEL,2024-02-02 ,""458,323213"""
"72497,FR_SAN GABRIEL,2024-02-03 ,""530,189053"""
"72497,FR_SAN GABRIEL,2024-02-04 ,""360,198471"""
"72497,FR_SAN GABRIEL,2024-02-05 ,""690,82929"""
"72497,FR_SAN GABRIEL,2024-02-06 ,""722,808803"""
"72497,FR_SAN GABRIEL,2024-02-07 ,""406,420201"""
"72498,FR_HOSPITAL CARLOS ANDRADE MARIN,2024-02-01 ,""1113,464291"""
"72498,FR_HOSPITAL CARLOS ANDRADE MARIN,2024-02-02 ,""672,098588"""
"72498,FR_HOSPITAL CARLOS ANDRADE MARIN,2024-02-03 ,""579,809612"""
"72498,FR_HOSPITAL CARLOS ANDRADE MARIN,2024-02-04 ,""269,603395"""
"72498,FR_HOSPITAL CARLOS ANDRADE MARIN,2024-02-05 ,""860,533056"""
"72498,FR_HOSPITAL CARLOS ANDRADE MARIN,2024-02-06 ,""828,616253"""
"72498,FR_HOSPITAL CARLOS ANDRADE MARIN,2024-02-07 ,""502,564523"""
"72499,FR_MAYORISTA LISBOA,2024-02-01 ,""1154,116515"""
"72499,FR_MAYORISTA LISBOA,2024-02-02 ,""642,265339"""
"72499,FR_MAYORISTA LISBOA,2024-02-03 ,""855,420828"""
"72499,FR_MAYORISTA LISBOA,2024-02-04 ,""733,541891"""
"72499,FR_MAYORISTA LISBOA,2024-02-05 ,""1505,934589"""
"72499,FR_MAYORISTA LISBOA,2024-02-06 ,""889,956072"""
"72499,FR_MAYORISTA LISBOA,2024-02-07 ,""790,737805"""
"72500,FR_COMANDANCIA DE LA POLICIA PARIS,2024-02-01 ,""507,679528"""
"72500,FR_COMANDANCIA DE LA POLICIA PARIS,2024-02-02 ,""405,4565"""
"72500,FR_COMANDANCIA DE LA POLICIA PARIS,2024-02-03 ,""565,116608"""
"72500,FR_COMANDANCIA DE LA POLICIA PARIS,2024-02-04 ,""342,153208"""
"72500,FR_COMANDANCIA DE LA POLICIA PARIS,2024-02-05 ,""576,512995"""
"72500,FR_COMANDANCIA DE LA POLICIA PARIS,2024-02-06 ,""548,049238"""
"72500,FR_COMANDANCIA DE LA POLICIA PARIS,2024-02-07 ,""383,799803"""
"72503,FR_INCHALILLO 2,2024-02-01 ,""694,198017"""
"72503,FR_INCHALILLO 2,2024-02-02 ,""341,372117"""
"72503,FR_INCHALILLO 2,2024-02-03 ,""179,643799"""
"72503,FR_INCHALILLO 2,2024-02-04 ,""307,626355"""
"72503,FR_INCHALILLO 2,2024-02-05 ,""513,179047"""
"72503,FR_INCHALILLO 2,2024-02-06 ,""275,468413"""
"72503,FR_INCHALILLO 2,2024-02-07 ,""286,414097"""
"72504,FR_SIMON PLATA TORRES 2,2024-02-01 ,""173,532356"""
"72504,FR_SIMON PLATA TORRES 2,2024-02-06 ,""2105,375383"""
"72507,FR_13 DE JUNIO,2024-02-01 ,""649,979293"""
"72507,FR_13 DE JUNIO,2024-02-02 ,""217,245747"""
"72507,FR_13 DE JUNIO,2024-02-03 ,""312,85933"""
"72507,FR_13 DE JUNIO,2024-02-04 ,""397,439001"""
"72507,FR_13 DE JUNIO,2024-02-05 ,""705,35301"""
"72507,FR_13 DE JUNIO,2024-02-06 ,""433,010661"""
"72507,FR_13 DE JUNIO,2024-02-07 ,""368,362355"""
"72512,FR_CARLOS FREILE,2024-02-01 ,""885,825923"""
"72512,FR_CARLOS FREILE,2024-02-02 ,""390,708258"""
"72512,FR_CARLOS FREILE,2024-02-03 ,""560,618944"""
"72512,FR_CARLOS FREILE,2024-02-04 ,""553,787658"""
"72512,FR_CARLOS FREILE,2024-02-05 ,""1095,510258"""
"72512,FR_CARLOS FREILE,2024-02-06 ,""682,803725"""
"72512,FR_CARLOS FREILE,2024-02-07 ,""605,481277"""
"72514,FR_EL MARQUEZ 2,2024-02-01 ,""389,353079"""
"72514,FR_EL MARQUEZ 2,2024-02-02 ,""458,071466"""
"72514,FR_EL MARQUEZ 2,2024-02-03 ,""550,293088"""
"72514,FR_EL MARQUEZ 2,2024-02-04 ,""392,556872"""
"72514,FR_EL MARQUEZ 2,2024-02-05 ,""783,661779"""
"72514,FR_EL MARQUEZ 2,2024-02-06 ,""489,677857"""
"72514,FR_EL MARQUEZ 2,2024-02-07 ,""533,4441"""
"72517,FR_JACINTO CORTEZ JHAYYA,2024-02-01 ,""605,037272"""
"72517,FR_JACINTO CORTEZ JHAYYA,2024-02-02 ,""203,30757"""
"72517,FR_JACINTO CORTEZ JHAYYA,2024-02-03 ,""315,634041"""
"72517,FR_JACINTO CORTEZ JHAYYA,2024-02-04 ,""289,498552"""
"72517,FR_JACINTO CORTEZ JHAYYA,2024-02-05 ,""520,040403"""
"72517,FR_JACINTO CORTEZ JHAYYA,2024-02-06 ,""368,323736"""
"72517,FR_JACINTO CORTEZ JHAYYA,2024-02-07 ,""422,290035"""
"72520,FR_SARGENTO EDUARDO SEIS,2024-02-01 ,""450,196687"""
"72520,FR_SARGENTO EDUARDO SEIS,2024-02-02 ,""362,760907"""
"72520,FR_SARGENTO EDUARDO SEIS,2024-02-03 ,""419,029713"""
"72520,FR_SARGENTO EDUARDO SEIS,2024-02-04 ,""285,208417"""
"72520,FR_SARGENTO EDUARDO SEIS,2024-02-05 ,""664,048769"""
"72520,FR_SARGENTO EDUARDO SEIS,2024-02-06 ,""392,329961"""
"72520,FR_SARGENTO EDUARDO SEIS,2024-02-07 ,""263,362267"""
"72524,FR_ASUNCION 2,2024-02-01 ,""1357,594236"""
"72524,FR_ASUNCION 2,2024-02-02 ,""673,144358"""
"72524,FR_ASUNCION 2,2024-02-03 ,""601,102189"""
"72524,FR_ASUNCION 2,2024-02-04 ,""323,779267"""
"72524,FR_ASUNCION 2,2024-02-05 ,""1217,469299"""
"72524,FR_ASUNCION 2,2024-02-06 ,""1061,184335"""
"72524,FR_ASUNCION 2,2024-02-07 ,""664,370459"""
"72525,FR_9 DE AGOSTO 2,2024-02-01 ,""650,844827"""
"72525,FR_9 DE AGOSTO 2,2024-02-02 ,""370,62044"""
"72525,FR_9 DE AGOSTO 2,2024-02-03 ,""441,123289"""
"72525,FR_9 DE AGOSTO 2,2024-02-04 ,""308,1701"""
"72525,FR_9 DE AGOSTO 2,2024-02-05 ,""618,524471"""
"72525,FR_9 DE AGOSTO 2,2024-02-06 ,""483,696348"""
"72525,FR_9 DE AGOSTO 2,2024-02-07 ,""351,116727"""
"72526,FR_CDLA ALEGRIA 2,2024-02-01 ,""894,544583"""
"72526,FR_CDLA ALEGRIA 2,2024-02-02 ,""606,792069"""
"72526,FR_CDLA ALEGRIA 2,2024-02-03 ,""410,877043"""
"72526,FR_CDLA ALEGRIA 2,2024-02-04 ,""214,142495"""
"72526,FR_CDLA ALEGRIA 2,2024-02-05 ,""1221,496683"""
"72526,FR_CDLA ALEGRIA 2,2024-02-06 ,""579,228746"""
"72526,FR_CDLA ALEGRIA 2,2024-02-07 ,""467,47181"""
"72527,FR_LA PLANADA,2024-02-01 ,""661,778699"""
"72527,FR_LA PLANADA,2024-02-02 ,""517,922957"""
"72527,FR_LA PLANADA,2024-02-03 ,""495,059369"""
"72527,FR_LA PLANADA,2024-02-04 ,""618,72241"""
"72527,FR_LA PLANADA,2024-02-05 ,""658,414364"""
"72527,FR_LA PLANADA,2024-02-06 ,""580,309246"""
"72527,FR_LA PLANADA,2024-02-07 ,""836,015782"""
"72528,FR_TERMINAL TULCAN,2024-02-01 ,""757,058493"""
"72528,FR_TERMINAL TULCAN,2024-02-02 ,""236,290594"""
"72528,FR_TERMINAL TULCAN,2024-02-03 ,""282,871886"""
"72528,FR_TERMINAL TULCAN,2024-02-04 ,""236,089739"""
"72528,FR_TERMINAL TULCAN,2024-02-05 ,""587,084656"""
"72528,FR_TERMINAL TULCAN,2024-02-06 ,""271,609285"""
"72528,FR_TERMINAL TULCAN,2024-02-07 ,""296,302249"""
"72529,FR_LA FOCH 2,2024-02-01 ,""905,654222"""
"72529,FR_LA FOCH 2,2024-02-02 ,""355,685341"""
"72529,FR_LA FOCH 2,2024-02-03 ,""267,988771"""
"72529,FR_LA FOCH 2,2024-02-05 ,""646,972401"""
"72529,FR_LA FOCH 2,2024-02-06 ,""825,647408"""
"72529,FR_LA FOCH 2,2024-02-07 ,""411,946682"""
"72530,FR_ PRESIDENCIA 2,2024-02-01 ,""1849,409119"""
"72530,FR_ PRESIDENCIA 2,2024-02-02 ,""1460,886887"""
"72530,FR_ PRESIDENCIA 2,2024-02-03 ,""1455,679001"""
"72530,FR_ PRESIDENCIA 2,2024-02-04 ,""1103,825637"""
"72530,FR_ PRESIDENCIA 2,2024-02-05 ,""2113,295468"""
"72530,FR_ PRESIDENCIA 2,2024-02-06 ,""1522,673079"""
"72530,FR_ PRESIDENCIA 2,2024-02-07 ,""1172,917973"""
"72534,FR_FRANCISCO DE ORELLANA 2,2024-02-01 ,""1259,721988"""
"72534,FR_FRANCISCO DE ORELLANA 2,2024-02-02 ,""708,182565"""
"72534,FR_FRANCISCO DE ORELLANA 2,2024-02-03 ,""584,207205"""
"72534,FR_FRANCISCO DE ORELLANA 2,2024-02-04 ,""755,463637"""
"72534,FR_FRANCISCO DE ORELLANA 2,2024-02-05 ,""875,997778"""
"72534,FR_FRANCISCO DE ORELLANA 2,2024-02-06 ,""845,339776"""
"72534,FR_FRANCISCO DE ORELLANA 2,2024-02-07 ,""878,777336"""
"72541,FR_EUGENIO ESPEJO,2024-02-01 ,""666,37785"""
"72541,FR_EUGENIO ESPEJO,2024-02-02 ,""364,434461"""
"72541,FR_EUGENIO ESPEJO,2024-02-03 ,""332,992803"""
"72541,FR_EUGENIO ESPEJO,2024-02-04 ,""577,920395"""
"72541,FR_EUGENIO ESPEJO,2024-02-05 ,""729,954374"""
"72541,FR_EUGENIO ESPEJO,2024-02-06 ,""489,863242"""
"72541,FR_EUGENIO ESPEJO,2024-02-07 ,""513,919982"""
"72542,FR_CASHAPAMBA,2024-02-01 ,""674,463436"""
"72542,FR_CASHAPAMBA,2024-02-02 ,""349,22747"""
"72542,FR_CASHAPAMBA,2024-02-03 ,""567,488795"""
"72542,FR_CASHAPAMBA,2024-02-04 ,""473,013884"""
"72542,FR_CASHAPAMBA,2024-02-05 ,""1365,612817"""
"72542,FR_CASHAPAMBA,2024-02-06 ,""370,742002"""
"72542,FR_CASHAPAMBA,2024-02-07 ,""268,871359"""
"72571,FR_PARQUE LIQUIDO,2024-02-01 ,""425,220578"""
"72571,FR_PARQUE LIQUIDO,2024-02-02 ,""351,114833"""
"72571,FR_PARQUE LIQUIDO,2024-02-03 ,""294,996107"""
"72571,FR_PARQUE LIQUIDO,2024-02-04 ,""422,222463"""
"72571,FR_PARQUE LIQUIDO,2024-02-05 ,""344,415803"""
"72571,FR_PARQUE LIQUIDO,2024-02-06 ,""326,507301"""
"72571,FR_PARQUE LIQUIDO,2024-02-07 ,""410,818371"""
"72574,FR_CEVALLOS,2024-02-01 ,""1080,16574"""
"72574,FR_CEVALLOS,2024-02-02 ,""943,481635"""
"72574,FR_CEVALLOS,2024-02-03 ,""614,846889"""
"72574,FR_CEVALLOS,2024-02-04 ,""376,568891"""
"72574,FR_CEVALLOS,2024-02-05 ,""569,641067"""
"72574,FR_CEVALLOS,2024-02-06 ,""438,418209"""
"72574,FR_CEVALLOS,2024-02-07 ,""465,635924"""
